order_id,customer_id,order_date,status
674,42,2024-08-13,returned
253,327,2026-02-21,returned
1159,384,2023-02-15,shipped
1003,497,2024-06-10,pending
1605,131,2026-03-03,shipped
2021,101,2024-11-11,completed
2660,352,2024-11-06,cancelled
2407,188,2024-05-14,returned
738,259,2023-05-12,completed
116,445,2024-02-18,returned
699,155,2025-12-30,returned
1693,328,2023-01-24,pending
1727,94,2023-08-08,shipped
2189,281,2024-03-08,returned
511,172,2026-03-18,completed
1940,341,2027-03-13,cancelled
1599,451,2025-03-28,completed
2455,436,2024-08-25,completed
2419,503,2024-10-17,shipped
636,526,2023-10-24,cancelled
1298,255,2023-09-13,pending
1076,71,2023-05-22,completed
294,114,2023-12-02,pending
1875,147,2023-04-19,returned
1573,464,2026-06-15,pending
236,301,2024-12-29,shipped
1054,465,2024-06-08,shipped
87,497,2023-11-14,cancelled
2977,271,2023-03-08,cancelled
643,322,2023-09-22,cancelled
1227,305,2025-03-17,cancelled
534,362,2025-07-24,cancelled
2962,352,2024-07-23,returned
500,143,2023-02-20,completed
2264,323,2024-02-25,shipped
2753,200,2023-12-31,pending
1823,4,2024-10-06,cancelled
1558,150,2024-12-16,cancelled
637,441,2024-01-06,pending
1690,206,2024-06-26,cancelled
2412,65,2024-06-14,cancelled
2225,434,2024-07-17,completed
2906,425,2023-12-17,completed
2793,125,2025-12-15,cancelled
883,347,2024-12-15,cancelled
2481,512,2024-12-18,pending
1478,54,2027-08-05,cancelled
1771,480,2024-05-20,shipped
47,170,2024-05-01,cancelled
645,245,2024-06-13,pending
737,277,2026-02-08,shipped
2350,198,2024-02-05,shipped
1287,490,2023-10-28,shipped
1034,57,2025-12-13,completed
2729,374,2024-10-03,pending
1300,448,2023-04-04,completed
198,147,2025-10-08,pending
563,283,2023-01-16,completed
2439,22,2024-08-21,cancelled
902,169,2026-01-18,pending
2460,195,2023-04-20,shipped
296,236,2024-07-08,cancelled
2401,5,2024-09-10,shipped
2540,309,2025-05-20,shipped
2595,433,2023-01-30,returned
8,302,2023-12-13,pending
1174,184,2024-06-01,pending
2864,93,2024-05-08,completed
2392,81,2024-11-18,completed
2400,405,2024-07-22,shipped
1995,9,2025-12-11,pending
1699,377,2025-01-26,cancelled
109,383,2023-02-20,shipped
1864,176,2025-01-15,completed
351,368,2026-03-02,completed
2953,154,2026-05-08,shipped
845,13,2024-06-01,pending
258,398,2023-02-17,returned
1745,358,2024-02-06,completed
2309,259,2023-08-26,returned
2068,450,2024-09-19,returned
2241,46,2026-06-27,shipped
2119,295,2023-04-24,completed
750,488,2023-12-14,completed
1441,447,2023-07-30,shipped
2731,406,2025-04-19,completed
1661,432,2024-12-13,pending
1238,428,2025-10-07,pending
2737,418,2025-12-06,returned
2118,375,2023-10-19,completed
1713,130,2025-08-10,completed
2919,149,2024-02-17,shipped
110,13,2025-06-20,returned
2875,145,2025-06-23,returned
1335,84,2023-01-19,returned
1651,382,2023-06-24,cancelled
1050,309,2024-02-04,completed
2560,347,2026-05-26,completed
2783,102,2026-03-11,completed
372,107,2026-02-27,shipped
1265,28,2023-03-09,returned
1703,213,2024-01-20,shipped
2530,251,2023-11-10,pending
499,211,2026-06-09,shipped
1709,179,2023-09-13,shipped
958,304,2026-03-02,pending
2630,111,2024-10-20,cancelled
1176,322,2025-04-14,completed
1168,326,2025-11-01,returned
2924,529,2024-09-24,cancelled
2297,234,2025-02-09,shipped
849,362,2025-11-12,shipped
649,87,2023-09-28,completed
215,247,2024-04-23,cancelled
1470,290,2026-02-20,cancelled
1663,,2026-04-30,cancelled
558,392,2023-08-19,completed
175,247,2025-02-26,pending
2770,409,2023-03-08,shipped
601,415,2025-09-07,shipped
1163,482,2024-05-11,cancelled
936,,2026-05-12,returned
603,160,2026-02-19,shipped
662,364,2025-11-27,shipped
36,239,2025-06-08,cancelled
145,95,2023-05-03,pending
2615,374,2025-08-09,completed
2361,293,2023-11-27,completed
1366,354,2023-07-26,pending
1297,37,2024-06-10,cancelled
1886,380,2023-01-27,cancelled
2951,110,2023-11-12,cancelled
2863,79,2025-02-06,returned
73,347,2026-05-26,cancelled
1324,105,2026-04-30,pending
336,352,2024-03-14,completed
2367,380,2025-04-16,returned
1381,4,2025-05-31,returned
2565,431,2027-08-18,pending
1630,,2025-03-22,pending
2436,384,2024-07-10,cancelled
2680,334,2024-06-22,pending
2133,415,2026-03-30,pending
101,400,2025-04-02,pending
1421,268,2024-07-31,shipped
2576,390,2025-02-27,shipped
1517,134,2026-06-22,cancelled
677,409,2023-03-13,completed
2075,283,2023-07-24,cancelled
2083,400,2025-08-30,shipped
735,451,2026-01-17,pending
2506,312,2023-05-31,completed
1369,370,2025-01-14,completed
1242,58,2023-12-12,cancelled
2128,430,2023-08-06,returned
609,404,2023-06-05,completed
1098,179,2023-09-14,cancelled
2388,483,2023-07-05,shipped
1772,384,2024-10-28,pending
1921,324,2024-03-19,completed
745,244,2023-09-13,pending
1523,365,2023-05-24,shipped
2644,95,2024-12-14,cancelled
2817,20,2025-12-08,cancelled
889,86,2025-01-23,pending
2981,126,2024-06-08,shipped
1844,66,2025-09-01,cancelled
222,108,2023-02-14,returned
1425,285,2024-11-09,completed
2291,121,2023-07-16,returned
311,87,2023-05-24,cancelled
1295,271,2023-10-18,pending
1027,250,2024-05-02,completed
1665,387,2025-06-28,returned
2227,391,2024-12-16,completed
776,217,2027-08-27,shipped
1799,77,2024-10-14,completed
1012,473,2025-11-11,pending
1395,279,2024-04-09,returned
2127,233,2026-05-07,cancelled
1913,16,2026-05-07,cancelled
1234,86,2025-06-20,pending
730,267,2026-01-08,cancelled
2316,202,2025-06-29,pending
639,378,2023-05-31,returned
1352,400,2025-10-30,shipped
1938,299,2025-04-23,returned
1464,326,2024-09-12,completed
1553,58,2024-05-07,pending
1375,433,2026-01-17,returned
2536,404,2026-03-17,completed
1506,102,2026-04-24,shipped
1729,91,2023-01-06,shipped
650,189,2025-03-28,pending
1196,239,2025-02-18,shipped
2996,124,2027-06-21,shipped
1233,245,2026-03-27,cancelled
496,66,2026-01-25,completed
2360,134,2026-06-07,cancelled
961,,2024-03-26,shipped
2743,8,2024-09-19,returned
2495,245,2025-10-16,cancelled
1330,391,2024-10-27,cancelled
1200,141,2023-05-26,returned
2494,315,2026-04-22,pending
1263,14,2025-03-10,returned
2274,177,2025-10-19,returned
1716,349,2027-01-29,shipped
493,212,2023-05-20,pending
2932,130,2024-05-15,pending
628,122,2025-03-06,shipped
2691,5,2024-01-31,cancelled
1981,260,2023-02-23,shipped
1169,224,2026-05-18,pending
1541,292,2025-05-13,returned
627,341,2025-01-03,shipped
640,52,2024-08-16,pending
1841,497,2024-07-03,returned
1359,376,2024-06-02,returned
1836,223,2023-08-14,pending
519,453,2025-01-17,completed
1900,345,2024-01-18,returned
2393,386,2023-04-20,pending
1085,145,2025-05-01,cancelled
347,463,2026-06-20,pending
1797,497,2026-04-27,returned
2048,437,2023-10-29,cancelled
1151,382,2024-01-17,pending
1095,275,2023-08-16,pending
1970,291,2026-13-45,completed
86,437,2025-09-10,returned
1754,393,2024-05-05,returned
1193,487,2026-02-28,shipped
545,74,2023-02-26,pending
46,46,2023-11-16,pending
2926,306,2023-02-25,cancelled
1551,187,2025-07-02,returned
148,250,2026-04-11,cancelled
411,47,2024-02-03,pending
769,51,2023-03-06,cancelled
1146,83,2024-01-05,returned
2802,6,2024-12-09,completed
1435,81,2026-02-01,completed
2374,423,2025-11-03,shipped
408,40,2024-06-16,shipped
2670,143,2024-04-16,returned
508,,2023-12-31,cancelled
1894,344,2025-05-31,cancelled
2740,260,2024-11-11,cancelled
1346,277,2023-02-26,completed
1069,55,2023-04-21,returned
1288,437,2024-07-21,pending
2871,57,2023-01-12,shipped
2395,370,2023-07-09,completed
2043,45,2025-03-26,completed
2477,35,2025-10-26,returned
1147,539,2023-09-17,pending
1307,340,2024-04-21,completed
100,272,2024-12-13,completed
890,321,2025-03-08,pending
1218,417,2023-12-16,shipped
163,465,2026-03-21,cancelled
989,106,2025-04-21,pending
875,112,2025-02-19,returned
1968,390,2025-10-14,completed
1254,258,2024-12-12,shipped
2577,172,2024-07-18,shipped
1333,30,2024-08-27,completed
1194,405,2025-11-13,pending
1317,411,2024-08-17,completed
2882,50,2026-05-19,pending
79,225,2024-05-20,pending
2053,123,2026-03-17,returned
1874,312,2024-02-03,cancelled
2633,321,2024-08-02,shipped
270,457,2025-12-19,returned
934,462,2024-04-15,returned
327,374,2023-07-19,returned
1787,313,2024-06-25,shipped
2772,319,2025-01-31,returned
1483,462,2023-08-21,shipped
2655,267,2024-10-07,pending
2136,247,2023-10-14,pending
1922,18,2023-04-08,cancelled
2593,396,2026-13-45,cancelled
357,256,2023-12-13,shipped
1514,312,2026-02-17,completed
1096,,2023-03-30,pending
2525,189,2023-08-07,cancelled
1991,478,2025-05-07,cancelled
1292,192,2026-02-20,shipped
1522,114,2024-03-08,pending
1361,424,2024-04-02,pending
512,197,2025-05-30,cancelled
2722,58,2023-04-19,returned
2829,66,2024-10-06,shipped
2589,91,2024-11-21,shipped
2414,,2025-01-08,cancelled
2293,115,2025-10-19,cancelled
1626,,2025-06-03,shipped
441,387,2025-11-14,completed
914,373,2026-02-14,pending
2527,230,2025-07-01,cancelled
2637,502,2023-04-28,returned
1018,379,2026-03-23,shipped
120,300,2026-13-45,cancelled
956,368,2023-01-14,returned
1815,103,2025-03-06,completed
2017,178,2023-12-17,shipped
1350,499,2024-06-27,cancelled
2721,236,2025-04-01,cancelled
1427,59,2026-02-21,completed
2634,316,2023-07-07,shipped
437,414,2026-05-26,pending
1538,350,2023-09-07,completed
1465,429,2025-04-29,completed
2256,352,2024-02-17,pending
1047,58,2024-10-25,completed
2815,386,2025-12-10,shipped
2246,29,2023-11-11,returned
2269,71,2026-06-29,cancelled
2795,288,2025-09-25,pending
1385,39,2025-06-09,cancelled
1746,365,2024-08-17,cancelled
2312,189,2024-10-17,completed
757,230,2024-12-01,pending
778,430,2024-03-29,returned
465,393,2023-10-16,cancelled
748,249,2025-09-13,returned
991,337,2023-08-12,completed
1618,21,2025-11-10,pending
962,162,2026-06-01,pending
105,360,2023-01-28,shipped
2712,233,2024-07-19,cancelled
1258,449,2025-02-28,cancelled
2812,336,2023-11-17,completed
112,105,2024-11-23,shipped
1204,411,2023-09-16,returned
1549,62,2025-04-30,shipped
721,376,2024-02-22,completed
2001,57,2025-01-10,pending
1685,417,2025-06-04,returned
339,518,2024-08-24,returned
1282,258,2024-11-16,pending
1889,451,2024-02-08,returned
2473,297,2025-05-13,pending
1245,328,2023-08-11,completed
2800,437,2026-04-30,shipped
2438,2,2025-07-15,cancelled
716,24,2023-07-16,shipped
726,488,2026-06-20,shipped
598,277,2025-08-14,shipped
1794,128,2026-04-18,completed
1391,110,2024-03-04,completed
2542,258,2024-07-18,shipped
848,169,2025-01-31,cancelled
1819,260,2024-09-20,completed
2377,488,2026-05-13,shipped
2965,310,2026-03-15,shipped
458,315,2025-12-15,completed
973,71,2025-04-17,returned
2443,196,2025-05-24,completed
966,193,2025-02-01,completed
1851,161,2023-07-19,shipped
1502,28,2023-06-05,cancelled
1976,,2023-02-07,pending
2954,19,2025-11-28,cancelled
2574,392,2026-02-06,cancelled
168,72,2025-03-26,returned
1975,249,2023-12-14,completed
1271,,2023-07-23,shipped
1343,447,2026-03-11,shipped
1316,117,2023-05-22,returned
268,31,2025-09-10,completed
2080,355,2024-11-29,shipped
2963,246,2023-06-09,returned
485,516,2025-07-07,pending
2929,370,2026-03-17,completed
400,241,2024-03-12,pending
1055,467,2024-11-01,returned
1357,100,2025-08-18,shipped
548,96,2026-01-16,returned
1524,200,2024-09-03,returned
2564,7,2026-01-19,returned
1528,190,2023-02-01,cancelled
2733,194,2026-05-12,shipped
992,151,2025-09-25,shipped
1172,304,2024-03-06,pending
1526,345,2025-05-15,returned
2429,306,2023-12-08,cancelled
264,342,2026-01-27,pending
2025,240,2024-08-28,pending
1961,327,2024-01-02,pending
245,277,2024-01-19,pending
1698,175,2025-04-21,shipped
2037,158,2025-10-16,pending
2594,329,2025-03-22,completed
1191,291,2023-01-19,cancelled
111,83,2024-12-14,cancelled
127,471,2025-09-17,shipped
2856,337,2024-11-18,pending
1180,456,2024-11-15,cancelled
2834,55,2026-06-04,shipped
1588,243,2024-01-05,shipped
2273,46,2026-01-06,pending
819,420,2024-01-21,shipped
887,47,2023-02-09,completed
308,288,2024-07-02,shipped
2135,502,2024-09-22,cancelled
1649,531,2024-03-24,returned
194,75,2025-05-10,returned
177,473,2025-07-25,returned
926,85,2025-07-21,returned
586,207,2025-02-08,completed
2202,20,2026-02-25,cancelled
703,284,2026-01-24,cancelled
1116,162,2027-07-03,completed
967,376,2024-01-23,pending
1609,290,2024-09-21,completed
1067,418,2023-06-05,completed
214,41,2024-11-27,returned
2311,349,2026-13-45,shipped
649,87,2023-09-28,completed
527,395,2026-02-17,completed
318,103,2023-08-04,shipped
289,81,2023-07-08,shipped
2766,255,2026-02-13,completed
2522,180,2025-12-01,pending
2476,203,2024-10-04,returned
199,87,2024-12-02,completed
2797,329,2024-11-20,shipped
2905,189,2025-07-19,returned
2955,272,2025-11-14,pending
132,110,2024-04-09,returned
2101,48,2024-07-30,pending
1732,314,2026-03-20,cancelled
2901,39,2023-06-12,shipped
1669,390,2026-03-14,cancelled
342,161,2023-09-28,returned
935,41,2025-01-10,cancelled
922,417,2023-10-16,cancelled
419,109,2023-06-26,pending
2938,133,2025-05-29,returned
1583,390,2024-08-12,returned
1765,370,2025-10-20,returned
1721,94,2023-03-29,completed
2055,187,2026-04-09,pending
1947,311,2025-07-16,pending
300,41,2023-09-10,completed
1930,433,2024-10-19,returned
617,223,2026-06-03,shipped
1952,486,2025-08-10,returned
320,150,2025-11-14,returned
965,435,2025-06-05,shipped
694,526,2025-02-11,completed
1407,192,2024-11-19,cancelled
2085,484,2023-08-23,cancelled
1957,179,2026-03-08,cancelled
2487,323,2024-12-11,completed
537,206,2025-03-20,shipped
2090,358,2024-01-25,completed
2758,402,2025-05-15,cancelled
2745,94,2024-03-09,completed
2170,217,2026-04-03,shipped
20,206,2024-02-14,completed
954,473,2026-02-26,shipped
1557,76,2024-07-22,shipped
365,432,2023-05-18,shipped
2347,450,2023-02-27,completed
190,285,2024-12-13,returned
2853,412,2023-04-14,pending
2755,,2025-09-07,returned
2095,60,2025-09-06,shipped
2235,53,2025-12-01,cancelled
292,185,2025-08-09,returned
2702,435,2023-07-10,shipped
490,54,2025-03-29,completed
181,277,2024-10-24,completed
2914,211,2023-01-03,returned
2775,403,2024-10-05,shipped
280,199,2023-07-15,returned
2529,204,2025-03-14,pending
784,69,2027-01-06,completed
1203,471,2023-03-22,shipped
1150,231,2025-04-23,pending
140,113,2025-09-04,pending
1309,476,2023-09-05,completed
1756,490,2025-07-28,returned
2570,267,2025-02-17,shipped
1097,9,2026-06-03,cancelled
1532,57,2024-02-21,shipped
2534,369,2023-06-26,shipped
869,310,2026-03-18,pending
1326,226,2025-01-07,returned
2084,43,2025-03-29,cancelled
1007,283,2023-08-02,shipped
2197,279,2024-09-28,pending
2008,385,2024-02-04,completed
1790,158,2025-09-04,completed
2950,133,2025-12-08,returned
781,108,2025-08-25,shipped
2368,337,2024-08-10,shipped
1037,317,2023-12-14,pending
523,11,2024-02-17,cancelled
2346,118,2025-12-11,shipped
2769,243,2026-02-21,pending
1339,,2024-07-08,pending
1293,231,2023-10-21,returned
2381,443,2023-06-22,shipped
114,402,2024-12-24,cancelled
2302,153,2024-07-22,shipped
1643,338,2025-12-14,completed
1248,360,2025-07-04,cancelled
2358,177,2023-09-27,completed
568,40,2024-09-21,completed
2803,33,2023-02-23,pending
2310,296,2025-03-15,pending
249,97,2023-04-09,returned
925,204,2024-09-27,shipped
1356,409,2023-04-17,completed
1149,163,2026-05-19,completed
1806,6,2023-02-07,shipped
2558,25,2025-10-16,returned
2156,432,2025-01-13,returned
1711,12,2023-02-07,shipped
2166,465,2025-02-01,completed
1370,323,2026-05-30,returned
1731,93,2026-03-25,shipped
1224,136,2025-01-12,completed
1303,148,2024-07-10,completed
255,138,2025-11-11,pending
852,390,2023-03-20,pending
2002,70,2025-09-16,completed
229,185,2023-10-02,shipped
1484,304,2023-08-12,completed
782,326,2025-10-29,cancelled
732,76,2024-02-01,returned
418,303,2023-09-16,returned
2351,354,2025-07-12,pending
383,255,2024-09-17,pending
1792,462,2025-08-23,pending
2973,179,2025-02-18,shipped
2738,90,2025-01-09,completed
1774,74,2023-06-02,cancelled
1843,244,2024-05-11,cancelled
183,394,2023-10-22,returned
1492,391,2024-07-16,pending
1448,351,2024-06-15,completed
2512,314,2024-09-27,completed
1416,146,2026-02-19,shipped
2639,459,2023-06-15,pending
2063,423,2025-04-02,shipped
814,431,2024-06-01,pending
391,103,2023-12-19,pending
334,327,2025-11-28,cancelled
1123,175,2025-09-10,returned
1016,351,2024-08-30,shipped
812,52,2025-01-03,cancelled
2458,6,2023-09-22,shipped
200,142,2024-10-05,returned
432,19,2023-08-23,shipped
2185,439,2023-02-22,shipped
59,352,2023-09-23,pending
1091,418,2024-05-10,completed
722,,2025-09-08,returned
2747,227,2023-01-31,cancelled
1552,64,2024-06-29,completed
1141,110,2024-04-11,completed
1466,374,2024-11-07,completed
1832,446,2024-07-28,pending
1821,165,2024-01-10,pending
1216,439,2023-08-10,pending
1977,223,2025-10-04,shipped
402,167,2023-06-25,returned
2285,499,2023-01-27,returned
1256,182,2026-06-12,pending
1964,193,2027-04-08,shipped
931,336,2023-02-12,cancelled
1860,331,2025-01-23,cancelled
1607,192,2023-02-06,completed
2946,165,2024-07-05,shipped
670,261,2023-07-18,cancelled
1044,483,2023-11-05,cancelled
1281,452,2023-03-08,returned
1286,475,2023-04-01,shipped
91,327,2026-05-22,cancelled
1306,455,2023-08-16,completed
899,389,2024-04-04,completed
2318,426,2024-11-03,pending
579,361,2023-09-22,cancelled
1902,442,2023-09-15,pending
2566,315,2024-02-05,shipped
2943,485,2023-03-22,completed
1719,476,2025-02-21,returned
1604,240,2023-08-17,pending
688,263,2023-07-10,completed
1338,415,2023-11-13,shipped
2041,407,2027-04-02,pending
1723,42,2025-08-31,cancelled
307,391,2023-12-06,pending
304,498,2026-06-26,returned
1225,258,2023-06-20,returned
2252,73,2023-06-05,shipped
1807,19,2025-07-30,cancelled
1000,223,2025-11-14,returned
542,7,2025-02-20,cancelled
2824,234,2025-11-25,cancelled
2708,,2026-02-22,cancelled
1744,351,2025-08-29,returned
2991,272,2025-05-12,cancelled
2751,95,2026-06-04,pending
2397,19,2023-05-29,cancelled
1803,251,2024-09-16,cancelled
2065,475,2023-12-16,shipped
526,405,2026-02-18,cancelled
1963,236,2025-05-26,shipped
754,63,2024-12-15,shipped
2446,313,2025-07-01,returned
1081,322,2024-08-01,shipped
2844,19,2026-03-22,pending
306,281,2023-11-06,returned
2666,246,2026-03-22,pending
1449,188,2025-05-20,returned
678,131,2024-10-26,pending
813,301,2024-10-10,pending
2657,83,2024-08-07,pending
1345,366,2024-06-17,cancelled
793,257,2025-09-05,returned
1631,72,2026-05-03,returned
1039,53,2025-10-20,shipped
1495,186,2027-07-24,cancelled
1273,228,2023-03-10,returned
2205,73,2026-03-28,completed
2452,305,2026-04-15,shipped
1954,241,2025-12-13,cancelled
1426,7,2025-11-19,pending
2488,237,2026-02-17,shipped
389,447,2026-06-24,completed
106,103,2024-04-27,pending
54,325,2026-06-23,returned
2806,299,2025-03-03,cancelled
541,466,2026-05-29,cancelled
1445,194,2023-09-18,returned
117,387,2024-08-20,shipped
1986,196,2024-02-05,completed
2866,276,2025-11-01,completed
386,248,2025-05-23,shipped
396,197,2026-06-17,completed
1467,404,2024-11-30,completed
798,438,2023-11-26,cancelled
1023,476,2024-11-07,shipped
2125,269,2025-02-05,cancelled
115,404,2024-11-24,cancelled
1412,8,2025-06-15,shipped
478,73,2025-05-27,returned
78,31,2025-01-16,pending
151,3,2023-05-17,cancelled
2019,281,2026-01-06,shipped
2993,106,2024-10-21,returned
2370,439,2025-04-19,shipped
1992,469,2026-02-04,pending
756,311,2024-11-23,pending
238,86,2023-05-01,returned
1762,372,2024-06-30,cancelled
2665,35,2024-12-14,shipped
544,373,2024-12-03,returned
622,217,2025-10-02,completed
265,,2024-07-08,shipped
1222,296,2023-07-30,completed
3,50,2025-03-08,completed
195,41,2025-06-15,shipped
1992,469,2026-02-04,pending
1379,119,2025-03-11,cancelled
1155,499,2024-09-12,cancelled
632,451,2025-07-19,pending
2418,431,2024-05-24,completed
2499,,2025-09-24,cancelled
1217,344,2023-03-22,pending
390,382,2026-06-02,cancelled
835,77,2025-05-04,cancelled
1518,26,2025-04-30,cancelled
719,53,2026-01-20,shipped
708,472,2023-08-12,shipped
1073,97,2025-04-06,shipped
999,337,2025-01-29,shipped
1839,323,2026-02-02,cancelled
2306,337,2023-04-26,pending
2588,236,2024-10-26,pending
616,240,2024-12-30,cancelled
1903,75,2025-03-21,shipped
1475,407,2024-01-03,cancelled
1393,179,2024-10-18,returned
2833,426,2025-03-21,returned
2210,492,2024-09-18,shipped
2363,28,2024-07-07,shipped
1576,278,2026-04-05,shipped
1782,154,2023-09-12,shipped
995,309,2024-11-03,shipped
1853,269,2023-12-03,shipped
2707,493,2024-05-09,completed
1950,44,2024-08-13,pending
2868,487,2023-06-09,pending
299,296,2024-09-05,completed
2211,5,2026-04-27,completed
827,468,2023-09-23,cancelled
2998,45,2025-01-26,cancelled
1846,161,2024-09-17,shipped
2272,346,2023-06-15,shipped
1246,231,2025-06-01,shipped
1993,48,2024-05-21,shipped
939,249,2024-11-02,returned
2096,175,2025-04-08,completed
917,474,2025-03-06,returned
2616,55,2025-01-12,completed
1405,393,2023-06-26,shipped
2456,71,2026-05-23,pending
1834,77,2024-07-18,cancelled
807,499,2023-05-25,completed
2442,417,2025-01-19,returned
2385,42,2023-08-29,shipped
1128,35,2023-03-31,cancelled
2172,354,2024-03-28,completed
2386,428,2023-02-04,pending
164,333,2025-04-16,cancelled
1682,51,2025-08-07,shipped
2641,494,2023-04-10,cancelled
690,548,2024-03-08,returned
83,266,2025-05-31,shipped
1674,250,2025-05-31,cancelled
838,261,2025-12-03,cancelled
182,190,2023-05-10,completed
943,385,2024-10-21,pending
595,197,2024-12-31,returned
197,328,2023-05-13,returned
2173,381,2025-02-12,shipped
1249,406,2025-02-19,cancelled
824,110,2023-07-22,pending
1705,362,2023-05-04,cancelled
2750,440,2023-04-27,shipped
2282,464,2023-11-03,returned
2430,344,2025-04-07,pending
63,56,2023-07-22,completed
1122,83,2025-06-21,shipped
2789,292,2025-04-11,cancelled
2451,410,2024-06-15,completed
1340,184,2023-10-11,returned
1181,463,2025-08-03,pending
454,394,2023-02-03,returned
1825,367,2025-10-29,returned
1872,85,2023-11-08,returned
1129,236,2023-10-16,cancelled
559,433,2026-02-20,cancelled
938,406,2025-07-20,completed
1595,39,2023-10-14,pending
2918,428,2025-12-25,completed
575,276,2026-01-30,completed
1488,158,2023-07-25,completed
1887,461,2024-08-22,completed
2873,292,2025-08-25,shipped
1577,441,2025-01-23,completed
2947,431,2023-01-31,cancelled
2174,225,2025-05-05,shipped
1043,32,2025-05-11,shipped
2732,356,2024-11-09,completed
1800,165,2023-07-08,cancelled
1641,490,2024-02-16,shipped
850,468,2026-13-45,cancelled
687,128,2023-03-26,shipped
1852,473,2023-03-13,shipped
331,466,2023-11-07,pending
1319,150,2025-08-28,pending
1620,471,2025-07-24,pending
2897,308,2025-02-08,completed
25,265,2023-12-26,cancelled
1068,498,2026-05-07,completed
2561,549,2027-05-24,returned
2448,27,2026-01-31,shipped
2819,144,2023-07-25,returned
1354,490,2023-05-06,completed
885,329,2023-05-20,completed
1688,142,2023-09-25,returned
1434,103,2023-08-29,completed
174,547,2023-03-16,cancelled
2710,390,2023-02-28,returned
312,23,2024-06-11,pending
210,345,2025-03-19,cancelled
901,20,2024-01-04,pending
1006,485,2025-07-15,returned
1312,274,2024-03-04,shipped
770,461,2024-05-04,completed
2155,82,2023-11-13,returned
1757,390,2025-05-26,completed
1951,333,2023-11-03,cancelled
1644,128,2025-10-17,pending
1749,200,2024-04-05,pending
2464,326,2024-09-20,completed
779,145,2024-02-29,completed
1049,142,2026-06-21,pending
224,139,2023-01-21,pending
1624,84,2023-07-06,pending
2794,450,2024-09-30,returned
1555,364,2024-03-16,returned
663,256,2023-09-05,cancelled
1527,324,2023-05-30,returned
1500,442,2026-05-29,returned
525,304,2024-08-01,shipped
2391,59,2025-12-31,pending
1516,335,2025-08-20,completed
630,141,2025-02-22,returned
1990,469,2026-02-18,pending
2462,85,2023-08-10,shipped
983,197,2023-12-18,returned
1898,372,2025-05-01,shipped
2431,473,2026-02-08,cancelled
1083,76,2025-09-08,cancelled
1473,428,2023-10-17,shipped
1653,50,2025-09-20,cancelled
1937,280,2024-09-28,cancelled
2686,189,2023-01-03,returned
188,134,2026-04-24,shipped
2752,455,2024-11-22,shipped
1321,440,2024-01-12,pending
124,279,2025-11-11,shipped
2323,441,2025-10-19,shipped
1696,388,2023-09-08,shipped
483,481,2025-02-14,pending
2216,178,2023-08-30,pending
1565,34,2025-07-17,cancelled
836,261,2025-08-01,shipped
2111,421,2024-04-26,shipped
451,307,2025-02-20,completed
661,87,2026-05-10,shipped
1543,189,2026-05-30,pending
2396,390,2024-06-22,returned
1455,324,2023-08-30,returned
1291,32,2025-08-11,shipped
252,415,2024-09-15,cancelled
2813,259,2025-05-17,returned
2792,314,2024-07-23,completed
2631,2,2023-09-03,cancelled
1935,244,2024-10-20,returned
1985,331,2026-02-17,completed
254,10,2025-06-15,pending
1179,212,2026-01-15,completed
1616,474,2025-05-25,cancelled
38,247,2023-04-13,completed
2243,257,2025-09-05,cancelled
876,387,2024-10-13,completed
1014,295,2024-08-15,completed
1373,225,2025-06-16,pending
2976,465,2023-03-13,returned
2625,465,2024-12-31,cancelled
1457,377,2025-10-20,pending
2016,112,2023-10-01,shipped
1285,470,2024-10-19,returned
2047,330,2024-11-13,shipped
1107,217,2023-11-27,returned
1897,189,2025-11-01,returned
2830,380,2025-10-20,completed
1453,329,2025-07-30,returned
42,363,2024-05-15,shipped
343,449,2024-11-28,completed
2188,379,2024-09-20,completed
2303,332,2024-05-10,completed
1056,12,2025-05-24,pending
2466,461,2026-04-18,shipped
2116,98,2024-12-13,cancelled
908,105,2025-04-19,pending
1982,40,2025-07-10,shipped
171,83,2026-02-10,returned
2971,318,2025-10-20,shipped
2325,9,2026-06-09,shipped
1415,193,2024-02-13,cancelled
1965,254,2023-11-01,returned
1725,271,2026-13-45,completed
1924,479,2024-10-05,shipped
2984,25,2025-03-07,cancelled
2413,488,2024-09-24,pending
1401,205,2025-04-07,cancelled
530,226,2024-02-18,cancelled
2725,,2025-08-24,cancelled
1450,449,2026-04-03,pending
2428,179,2024-12-06,shipped
90,212,2027-02-17,completed
1386,345,2025-02-20,completed
305,403,2024-10-30,returned
2493,175,2023-03-06,shipped
377,70,2026-05-18,returned
1410,64,2025-08-17,returned
1099,74,2024-05-16,shipped
1206,253,2025-12-02,completed
567,65,2025-02-14,pending
414,348,2023-06-18,cancelled
2159,169,2024-08-21,returned
2994,255,2025-01-20,pending
2178,78,2023-01-07,pending
2069,162,2025-07-29,shipped
1349,404,2024-10-05,cancelled
2523,64,2024-08-27,shipped
1906,295,2025-12-21,completed
1659,25,2025-11-27,shipped
1491,426,2025-01-03,returned
426,18,2025-04-17,completed
900,31,2024-06-16,pending
2277,280,2025-08-07,shipped
2879,145,2025-10-28,returned
2030,223,2024-08-29,returned
864,30,2023-09-20,cancelled
1409,155,2025-07-29,completed
1918,386,2024-12-23,shipped
1214,251,2023-09-30,cancelled
2250,487,2023-12-29,shipped
385,260,2023-01-24,completed
2007,463,2025-09-13,returned
1078,308,2027-02-25,completed
1866,391,2025-03-08,cancelled
2552,23,2023-02-17,completed
1611,38,2025-02-03,returned
283,456,2026-05-24,returned
937,490,2023-04-13,completed
2584,151,2024-11-16,cancelled
518,232,2023-08-18,shipped
467,44,2026-05-21,returned
1301,256,2025-01-16,pending
1808,402,2025-11-25,returned
2555,198,2025-01-03,completed
2004,267,2024-09-25,cancelled
2421,231,2026-04-08,returned
2685,61,2025-08-01,returned
664,314,2025-11-29,cancelled
1625,163,2024-08-11,returned
501,297,2024-05-09,pending
313,58,2024-04-11,completed
2647,459,2025-01-15,returned
438,442,2026-05-11,completed
2832,212,2026-04-21,cancelled
1261,270,2024-10-09,returned
2416,217,2026-06-28,cancelled
1671,381,2023-06-17,shipped
2114,211,2023-01-27,shipped
226,435,2026-02-10,shipped
1035,544,2025-02-17,pending
1943,66,2025-10-29,shipped
2986,382,2024-08-15,shipped
818,189,2023-04-01,completed
1157,224,2024-07-12,cancelled
1997,92,2024-12-29,pending
1468,127,2024-08-07,cancelled
605,264,2025-08-25,returned
799,239,2024-04-08,returned
1125,313,2024-05-30,shipped
2606,313,2024-10-09,returned
1280,331,2023-05-14,shipped
744,365,2023-09-25,returned
401,187,2024-05-16,returned
1933,356,2026-01-29,cancelled
1162,238,2023-11-01,returned
1365,284,2025-05-03,returned
1130,474,2024-05-05,pending
2122,228,2025-12-22,pending
1531,68,2024-04-01,returned
907,73,2026-02-03,pending
641,417,2025-10-13,shipped
2890,91,2023-05-22,shipped
998,323,2026-05-19,cancelled
2332,487,2026-03-16,shipped
2483,254,2026-06-21,pending
1166,88,2024-09-29,shipped
2298,121,2024-04-03,returned
4,60,2024-10-21,cancelled
1707,441,2025-02-06,pending
2157,56,2025-04-05,returned
2224,381,2024-09-23,completed
273,426,2025-03-17,shipped
2369,460,2024-05-31,pending
752,249,2023-05-27,completed
445,490,2023-08-28,returned
1999,70,2023-06-03,pending
2152,92,2026-05-30,pending
2640,456,2023-10-02,pending
2366,167,2023-01-17,pending
1419,160,2023-03-11,cancelled
2762,471,2025-06-29,cancelled
43,327,2024-11-24,returned
2672,296,2024-10-29,shipped
1662,26,2025-05-29,returned
429,242,2023-03-28,completed
141,325,2023-07-16,pending
1480,386,2025-02-28,completed
863,467,2024-07-24,returned
2379,28,2025-10-23,shipped
1989,434,2026-05-03,completed
2212,301,2024-12-10,completed
1920,45,2024-06-28,returned
2643,38,2024-05-28,returned
792,4,2025-04-02,pending
1776,236,2025-06-05,returned
1209,276,2023-06-04,completed
2341,362,2025-09-07,cancelled
170,416,2025-08-06,cancelled
2858,467,2025-11-07,cancelled
780,358,2023-09-10,completed
1139,280,2026-06-26,pending
460,1,2025-04-08,completed
262,480,2026-03-22,cancelled
587,393,2024-02-27,shipped
399,48,2023-10-15,returned
2120,507,2024-08-13,cancelled
1763,129,2025-12-29,pending
1895,333,2023-09-20,completed
816,160,2023-05-17,shipped
2705,138,2025-03-08,cancelled
800,143,2023-08-22,returned
2141,459,2025-08-10,pending
1406,81,2024-03-03,shipped
2480,209,2023-10-17,completed
2317,127,2026-04-02,pending
1486,171,2026-02-28,completed
509,198,2023-08-01,cancelled
788,357,2025-10-20,completed
80,451,2023-11-07,pending
274,152,2023-03-11,cancelled
2881,209,2026-06-04,shipped
547,213,2024-03-03,pending
631,359,2024-09-25,completed
2411,494,2024-07-04,completed
1998,88,2024-09-30,cancelled
2345,436,2025-09-30,completed
1189,85,2023-11-06,pending
2980,258,2025-02-26,cancelled
375,175,2023-04-23,returned
1070,106,2025-02-10,returned
1186,103,2023-01-25,completed
1171,486,2024-03-08,cancelled
2402,66,2023-01-26,completed
1121,488,2023-01-05,pending
2754,126,2023-08-22,completed
904,106,2023-01-15,shipped
1328,197,2023-10-21,returned
1371,376,2024-08-14,pending
672,256,2026-01-09,completed
1485,358,2025-06-22,shipped
2860,372,2023-06-07,pending
1764,79,2026-02-15,cancelled
2500,336,2025-02-16,shipped
2113,199,2024-12-28,pending
2513,52,2026-01-15,completed
599,135,2024-04-04,returned
2809,44,2023-03-18,completed
1402,420,2025-06-18,completed
2857,138,2026-02-12,pending
65,527,2025-08-08,completed
861,493,2024-01-07,returned
1883,,2024-06-23,pending
2497,306,2025-08-22,shipped
2299,488,2023-05-03,pending
2296,480,2026-02-27,pending
951,124,2024-11-19,pending
366,169,2024-01-09,shipped
1355,323,2024-09-23,shipped
2187,63,2023-08-05,returned
239,14,2024-08-10,returned
590,69,2026-06-22,completed
1919,486,2024-11-08,returned
715,62,2026-02-28,shipped
797,287,2026-13-45,returned
204,38,2026-04-06,shipped
2999,96,2025-12-08,cancelled
2709,430,2024-03-08,shipped
1276,382,2023-11-17,pending
2730,100,2023-01-24,completed
1342,133,2026-04-22,cancelled
2453,58,2025-04-12,completed
2074,157,2023-05-09,shipped
2698,195,2023-06-26,cancelled
235,310,2024-10-14,returned
841,121,2024-02-20,returned
1358,186,2025-06-03,pending
422,70,2026-03-06,completed
2263,25,2025-04-19,completed
457,202,2023-06-21,pending
301,477,2024-05-19,completed
1308,360,2024-08-07,completed
2387,48,2024-09-05,completed
185,43,2023-09-04,cancelled
1383,57,2024-01-14,completed
2763,296,2024-01-16,returned
2764,184,2023-05-06,pending
1515,384,2026-05-22,cancelled
1672,175,2023-01-23,cancelled
1805,338,2026-04-17,completed
667,240,2024-08-28,returned
1348,213,2025-07-24,completed
2623,183,2025-04-30,completed
1289,166,2025-01-09,pending
1077,391,2023-08-24,completed
2726,32,2026-05-06,completed
2404,336,2023-11-06,completed
801,451,2026-03-16,shipped
2944,473,2025-03-08,pending
2535,435,2024-07-01,pending
2267,532,2024-08-01,returned
2024,505,2024-11-27,pending
2617,308,2025-06-30,completed
1893,33,2024-09-15,cancelled
1511,128,2024-10-09,pending
576,363,2023-12-21,returned
2000,428,2025-04-27,cancelled
1251,250,2025-11-20,cancelled
77,410,2025-10-10,returned
996,39,2023-02-12,shipped
1269,360,2026-03-09,pending
1755,82,2024-08-06,returned
1736,51,2023-08-25,shipped
44,431,2023-08-20,shipped
2124,222,2025-02-27,returned
1452,469,2024-06-20,cancelled
12,498,2023-08-28,pending
1241,457,2023-07-02,shipped
1505,446,2025-09-07,completed
178,9,2025-11-30,pending
2945,275,2023-02-05,shipped
1827,373,2023-01-23,cancelled
2018,453,2024-06-05,returned
2151,11,2023-02-06,cancelled
1152,179,2024-05-12,pending
364,48,2024-04-04,cancelled
1104,381,2025-02-22,pending
2169,405,2023-03-08,pending
2659,181,2024-10-16,shipped
2894,495,2026-13-45,completed
450,318,2025-02-11,completed
173,93,2025-10-10,shipped
1786,163,2023-10-25,returned
1635,192,2023-04-09,cancelled
475,59,2026-05-03,returned
1855,391,2024-04-27,returned
2787,83,2023-05-10,returned
2678,305,2023-07-02,pending
978,18,2023-06-11,completed
137,547,2025-11-11,shipped
380,470,2023-02-20,cancelled
1570,41,2025-02-01,completed
1496,71,2025-04-29,returned
740,3,2025-08-09,returned
108,181,2023-11-16,shipped
1877,448,2026-01-13,pending
538,329,2023-04-19,pending
1,50,2023-10-09,completed
1315,100,2023-12-25,cancelled
2348,522,2024-06-15,returned
276,165,2024-02-12,completed
2201,170,2024-07-02,pending
1545,309,2024-09-17,returned
2689,402,2023-02-27,cancelled
1394,449,2026-03-07,cancelled
1743,25,2024-06-04,cancelled
28,361,2023-01-11,pending
24,46,2026-05-25,pending
359,536,2026-04-21,cancelled
589,76,2023-05-19,returned
1510,326,2024-11-27,completed
561,175,2023-01-05,pending
2337,140,2025-07-08,cancelled
2957,243,2023-10-30,shipped
1941,246,2023-12-08,pending
1377,178,2025-06-17,cancelled
27,99,2024-07-13,pending
2668,1,2025-12-23,completed
1817,99,2025-04-23,returned
2682,82,2024-01-25,shipped
2290,349,2026-05-02,completed
2073,214,2026-03-18,completed
1353,299,2025-06-07,completed
2196,448,2026-06-02,completed
2785,71,2024-12-08,shipped
1197,309,2025-12-01,pending
2093,543,2023-11-15,cancelled
723,243,2023-05-06,cancelled
1603,161,2024-01-03,cancelled
1093,356,2023-11-26,returned
1637,391,2025-03-12,shipped
2969,49,2025-09-25,completed
718,431,2024-09-08,completed
2376,255,2025-05-31,completed
2585,65,2024-05-12,completed
2003,282,2024-11-01,shipped
2902,471,2026-04-06,shipped
346,147,2025-03-06,returned
803,321,2026-01-03,completed
2917,86,2025-04-09,shipped
765,442,2024-11-20,completed
2258,124,2024-08-10,shipped
1810,44,2023-02-04,cancelled
2234,209,2023-12-29,completed
743,168,2025-03-26,shipped
345,392,2024-12-01,completed
2948,258,2025-10-14,cancelled
1497,335,2026-06-01,pending
1639,213,2025-02-03,shipped
1535,326,2024-11-02,cancelled
1589,242,2024-09-17,cancelled
1041,75,2025-01-15,returned
2490,321,2026-01-19,returned
353,282,2023-11-22,returned
829,12,2024-07-04,pending
277,255,2024-12-21,shipped
979,335,2023-04-09,returned
896,498,2023-06-27,pending
2728,338,2025-08-15,completed
2132,11,2025-09-13,completed
2839,379,2023-09-26,pending
2463,386,2023-07-19,returned
1087,348,2023-11-25,returned
1966,216,2023-07-11,pending
736,160,2024-03-01,shipped
1032,137,2024-11-08,completed
2869,453,2024-04-17,completed
2447,453,2024-08-20,returned
983,197,2023-12-18,returned
2107,49,2026-13-45,shipped
2663,49,2023-02-11,returned
594,280,2025-06-12,completed
1247,302,2025-01-30,returned
2206,450,2024-10-21,completed
697,418,2025-09-25,completed
1451,529,2027-06-09,cancelled
2767,104,2023-11-26,shipped
1740,200,2026-06-06,cancelled
2314,16,2025-05-13,completed
726,488,2026-06-20,shipped
881,,2026-05-20,cancelled
1144,426,2025-12-09,completed
1208,116,2024-05-27,pending
2626,325,2023-06-28,shipped
2461,44,2024-09-08,pending
2557,476,2026-06-04,cancelled
2776,62,2026-04-26,shipped
1561,76,2025-08-04,shipped
1177,306,2024-10-29,completed
783,165,2023-04-11,cancelled
1885,291,2024-06-21,pending
1735,472,2025-06-09,returned
2532,411,2024-11-06,completed
1009,137,2025-12-10,completed
990,64,2024-04-16,shipped
1112,100,2023-01-24,cancelled
620,83,2025-07-12,cancelled
2279,443,2025-02-07,shipped
2329,407,2024-06-29,completed
1210,57,2025-05-22,completed
225,379,2027-08-05,pending
1779,69,2026-02-12,shipped
1910,386,2025-01-01,pending
2338,179,2025-11-03,returned
484,487,2025-11-17,completed
1117,257,2024-05-13,pending
1028,154,2024-02-07,cancelled
2651,172,2026-04-24,shipped
1854,6,2025-01-24,cancelled
269,250,2025-08-12,pending
2484,447,2025-09-28,pending
2276,217,2025-10-15,pending
260,395,2024-05-01,returned
1240,250,2023-06-11,cancelled
955,115,2024-11-13,shipped
2652,441,2025-07-22,pending
2399,54,2025-07-31,pending
945,325,2025-02-17,cancelled
1211,416,2024-11-27,returned
994,122,2023-08-19,completed
1835,490,2023-02-15,shipped
2321,468,2024-08-20,cancelled
102,337,2024-03-19,shipped
2468,477,2023-10-27,returned
614,264,2023-09-24,returned
216,445,2024-12-03,cancelled
1192,18,2025-03-18,shipped
2781,104,2023-02-06,returned
286,337,2023-04-25,pending
2516,254,2025-11-11,shipped
2989,273,2023-05-10,pending
193,,2025-01-05,completed
651,472,2025-05-30,returned
1458,29,2025-12-01,returned
2810,152,2026-03-22,pending
680,79,2025-05-15,completed
472,73,2023-09-16,returned
725,404,2024-10-20,pending
2071,515,2024-02-29,completed
2160,489,2026-01-16,returned
2444,293,2026-03-22,cancelled
2423,55,2026-01-12,pending
2921,277,2024-06-03,shipped
2230,434,2025-07-07,returned
2335,234,2024-06-11,returned
646,102,2023-02-28,completed
1585,158,2026-03-13,shipped
1092,166,2026-06-24,pending
325,321,2023-10-25,cancelled
1215,152,2023-02-28,completed
2620,91,2025-12-13,pending
2398,339,2026-02-25,pending
1387,478,2025-01-03,shipped
1960,105,2023-12-07,returned
1766,148,2026-04-13,shipped
2836,79,2023-12-15,returned
872,92,2026-03-13,shipped
1272,62,2026-03-23,shipped
1704,298,2023-01-14,returned
2847,131,2023-01-13,pending
211,458,2025-11-20,shipped
785,459,2025-09-02,returned
516,258,2023-04-26,returned
2543,291,2025-09-09,shipped
1290,461,2024-06-18,pending
1042,269,2024-08-11,cancelled
2718,272,2025-09-11,cancelled
653,308,2023-03-28,pending
2305,459,2025-02-05,shipped
562,460,2025-09-03,shipped
868,351,2027-03-16,returned
263,63,2024-03-02,cancelled
821,240,2025-01-23,shipped
2968,9,2025-06-03,shipped
2344,61,2024-08-13,completed
987,386,2026-03-07,pending
205,449,2026-02-25,shipped
470,370,2023-10-11,completed
2058,338,2026-01-01,cancelled
915,311,2025-06-06,returned
2614,172,2023-10-29,cancelled
1655,282,2026-03-21,cancelled
2851,155,2024-09-15,returned
1476,17,2025-12-14,completed
2426,148,2023-01-25,cancelled
1275,440,2023-09-25,shipped
701,104,2023-12-13,cancelled
2556,408,2026-06-01,completed
1831,385,2023-06-02,returned
2219,209,2024-08-23,pending
191,377,2025-08-10,pending
1313,27,2023-02-10,returned
1614,200,2026-13-45,completed
2814,462,2026-06-29,cancelled
2183,26,2023-06-18,cancelled
1824,463,2024-11-23,completed
31,426,2023-10-05,completed
135,37,2023-03-22,shipped
2650,4,2025-05-29,cancelled
570,155,2025-04-21,completed
1617,76,2026-05-28,pending
1812,122,2027-01-08,completed
633,496,2024-09-27,shipped
2967,19,2026-02-09,completed
1814,324,2024-01-22,cancelled
155,373,2024-05-10,completed
2139,167,2025-11-03,completed
823,254,2023-11-07,pending
1017,382,2026-04-24,completed
2627,52,2024-04-26,returned
293,306,2024-11-30,completed
2023,78,2023-05-25,returned
2821,120,2023-03-31,completed
1881,369,2023-02-17,returned
2239,294,2025-04-26,returned
2581,91,2025-09-16,pending
1253,428,2024-06-18,completed
642,329,2025-07-30,pending
805,427,2024-09-14,completed
2940,435,2026-03-16,pending
683,388,2025-01-06,returned
910,496,2023-06-23,pending
1623,64,2025-01-12,completed
1188,352,2025-02-28,cancelled
1785,394,2024-05-30,pending
2005,129,2023-04-26,shipped
554,,2024-01-29,completed
552,62,2025-09-08,cancelled
259,419,2025-10-28,returned
2465,464,2025-10-09,completed
473,360,2023-09-19,pending
1322,445,2023-07-20,pending
1987,131,2024-01-16,cancelled
1156,305,2026-02-03,pending
1706,480,2023-06-07,pending
2147,142,2025-07-16,shipped
1101,357,2023-05-19,returned
2109,127,2024-04-14,completed
2545,69,2024-10-22,returned
2910,217,2025-05-14,shipped
1879,321,2023-08-05,pending
335,314,2024-01-03,shipped
2112,296,2025-12-01,pending
2928,278,2023-03-01,cancelled
1621,64,2023-01-23,returned
333,164,2023-07-08,returned
2992,22,2023-02-03,cancelled
503,18,2026-05-13,returned
2467,354,2024-09-21,shipped
1932,225,2024-11-29,returned
2099,436,2024-06-07,returned
2714,489,2023-04-23,cancelled
1148,422,2024-12-08,cancelled
2618,399,2026-04-11,shipped
1733,230,2025-12-22,completed
1190,383,2025-04-07,cancelled
2158,285,2023-04-20,shipped
463,184,2024-08-27,cancelled
69,478,2027-02-16,returned
2046,426,2025-05-24,shipped
673,202,2026-02-17,cancelled
581,284,2023-03-12,returned
692,414,2024-11-12,cancelled
464,47,2023-07-28,cancelled
2300,488,2024-04-13,shipped
233,86,2025-11-15,cancelled
1498,18,2023-07-08,cancelled
2223,399,2026-02-16,cancelled
1490,242,2026-06-22,shipped
1503,466,2023-02-01,returned
767,94,2023-02-06,cancelled
2121,445,2023-12-01,cancelled
84,247,2025-05-28,cancelled
2403,496,2024-07-27,cancelled
2199,295,2023-12-25,shipped
2261,29,2025-03-12,completed
344,126,2025-08-15,shipped
2518,229,2023-09-15,pending
2590,404,2026-13-45,cancelled
1647,18,2024-04-07,returned
2217,446,2023-03-11,shipped
395,277,2026-06-29,returned
714,458,2025-10-16,shipped
322,235,2025-03-06,shipped
2231,269,2023-07-08,cancelled
2883,515,2023-02-16,returned
1600,78,2025-03-23,shipped
2222,267,2023-05-29,shipped
1508,352,2023-07-19,cancelled
1111,335,2025-09-18,returned
531,177,2025-04-07,pending
1849,,2024-08-22,completed
2434,495,2025-04-04,cancelled
2941,71,2023-09-09,cancelled
2510,61,2025-06-22,pending
613,154,2023-09-25,returned
2713,137,2023-12-20,pending
160,315,2023-10-09,pending
382,443,2024-01-25,cancelled
340,91,2024-02-28,returned
1959,411,2025-12-15,cancelled
1219,363,2025-08-24,returned
2354,112,2025-10-27,pending
1158,45,2023-08-30,completed
2221,48,2024-08-19,cancelled
1363,210,2026-06-28,returned
1974,489,2023-09-15,pending
1118,346,2023-07-13,completed
92,175,2025-08-27,cancelled
348,93,2025-06-05,shipped
45,414,2026-02-16,shipped
846,151,2025-02-02,shipped
2184,283,2026-02-12,completed
2892,173,2024-09-30,completed
858,291,2025-08-24,completed
2990,162,2025-04-10,cancelled
1795,70,2024-03-30,returned
891,,2025-06-27,pending
1580,331,2025-03-26,cancelled
1911,254,2025-10-23,pending
2,2,2023-04-12,returned
928,46,2023-12-10,completed
2327,263,2024-01-19,shipped
766,196,2023-03-06,cancelled
2067,171,2025-09-21,completed
1284,403,2023-02-07,pending
2389,142,2023-11-05,shipped
543,111,2023-07-24,returned
1002,399,2025-08-18,cancelled
1205,285,2024-03-06,cancelled
421,37,2026-02-20,completed
729,463,2024-05-09,shipped
623,143,2025-06-20,shipped
1320,129,2023-10-08,shipped
2489,435,2025-12-24,completed
2292,549,2024-01-16,completed
930,418,2026-13-45,returned
2583,375,2023-04-18,cancelled
2517,,2023-06-06,cancelled
1323,28,2025-10-10,cancelled
810,206,2023-12-27,completed
927,196,2025-06-27,shipped
2146,307,2025-11-17,shipped
2586,426,2025-07-06,completed
2782,170,2025-03-19,completed
2983,337,2025-10-01,shipped
2515,275,2024-04-09,completed
2676,461,2024-01-11,pending
1547,370,2026-13-45,completed
2820,386,2024-11-12,pending
98,213,2024-09-14,completed
1820,295,2024-08-17,pending
713,10,2024-10-07,cancelled
1539,326,2023-04-17,completed
794,309,2024-08-23,shipped
242,167,2026-02-09,returned
1173,196,2025-07-09,completed
337,310,2025-10-23,returned
2580,144,2025-04-07,completed
2572,186,2024-05-30,returned
1596,488,2025-10-06,completed
1011,240,2023-12-04,shipped
2649,508,2026-06-25,completed
1436,476,2023-04-22,pending
947,481,2025-03-15,returned
261,49,2025-09-22,shipped
461,295,2023-08-23,completed
1239,156,2024-08-30,cancelled
2553,545,2026-03-23,shipped
2591,419,2024-10-14,shipped
1701,115,2026-03-05,pending
1432,369,2026-06-02,pending
223,93,2023-12-29,shipped
2715,482,2023-07-31,returned
1929,396,2023-11-17,returned
2695,436,2025-11-30,shipped
2956,423,2024-10-25,shipped
1262,182,2024-08-15,returned
717,343,2024-03-09,completed
1996,401,2023-10-29,pending
2137,357,2023-09-17,cancelled
2271,478,2025-10-14,shipped
666,97,2024-09-03,pending
1586,475,2023-09-12,shipped
1519,353,2025-10-17,pending
1608,168,2025-09-02,shipped
1784,106,2025-12-12,returned
2736,458,2025-11-24,pending
2774,47,2024-10-11,returned
2208,21,2023-07-30,returned
2440,426,2024-07-13,shipped
2289,12,2025-04-05,returned
888,343,2024-07-04,completed
909,102,2026-05-29,pending
2417,179,2023-02-17,cancelled
1154,256,2025-05-28,returned
328,214,2025-07-18,pending
903,213,2023-06-10,cancelled
2849,416,2024-12-10,cancelled
2102,49,2026-01-19,cancelled
1183,380,2023-04-02,cancelled
772,209,2024-05-15,completed
573,374,2025-02-06,shipped
2610,368,2024-07-26,cancelled
2474,258,2023-08-11,shipped
940,176,2026-01-01,cancelled
2604,413,2025-12-09,cancelled
2459,243,2025-05-31,cancelled
428,399,2023-07-21,cancelled
2784,96,2023-01-24,returned
2526,451,2023-12-06,completed
2245,400,2026-03-20,pending
68,184,2024-09-06,returned
23,154,2023-01-29,returned
1777,431,2026-06-01,cancelled
702,541,2023-04-21,returned
2850,100,2025-06-07,completed
1760,35,2024-06-03,pending
398,344,2026-04-26,shipped
820,466,2024-08-11,pending
165,380,2026-03-30,cancelled
443,272,2025-07-31,returned
2547,494,2024-03-07,returned
1556,170,2024-01-29,returned
1634,451,2025-03-26,completed
3000,202,2026-02-27,shipped
147,282,2023-02-25,completed
2885,,2025-06-17,shipped
2735,402,2023-09-20,pending
865,81,2026-01-24,completed
125,170,2024-11-22,cancelled
159,204,2023-03-04,cancelled
1015,6,2024-08-30,returned
2979,268,2024-05-27,completed
815,247,2025-06-30,shipped
1390,68,2025-03-02,pending
378,237,2024-12-16,returned
2872,157,2025-08-06,pending
196,267,2024-06-28,cancelled
2130,283,2023-01-19,shipped
1126,413,2025-07-17,completed
1165,405,2025-03-31,cancelled
847,51,2025-05-24,completed
2997,385,2025-06-29,returned
1646,68,2025-06-09,cancelled
1728,308,2025-08-20,cancelled
2727,225,2024-10-27,shipped
2150,232,2025-10-08,shipped
1198,453,2023-03-23,completed
425,532,2025-09-09,pending
17,494,2024-07-31,completed
1185,71,2024-09-15,pending
1969,66,2024-02-01,completed
213,428,2023-11-04,pending
1642,293,2024-02-08,pending
2549,53,2025-09-12,pending
67,255,2023-06-05,pending
1931,52,2025-05-06,pending
1134,421,2026-13-45,shipped
1182,176,2023-10-25,cancelled
2699,369,2025-03-23,cancelled
1132,263,2025-09-22,shipped
550,79,2023-07-26,cancelled
2842,353,2026-03-12,shipped
234,41,2026-03-18,pending
762,244,2023-08-07,shipped
2669,475,2023-05-21,pending
1264,298,2023-09-23,shipped
323,171,2024-07-16,returned
604,87,2025-11-12,completed
2716,368,2023-02-01,completed
2371,251,2025-08-07,returned
2177,308,2025-10-30,shipped
867,244,2025-10-10,pending
219,,2024-07-31,shipped
1008,352,2025-01-07,shipped
248,5,2023-10-05,returned
2373,416,2024-01-22,returned
873,292,2026-06-17,completed
2886,168,2025-02-12,pending
1334,481,2024-08-13,shipped
2804,460,2025-11-02,cancelled
952,223,2025-01-09,completed
2995,354,2023-05-18,cancelled
2723,347,2026-05-03,completed
218,17,2024-04-04,shipped
2791,150,2024-12-26,pending
988,93,2025-07-31,completed
1909,209,2024-01-15,completed
2435,229,2024-07-26,shipped
360,76,2023-03-26,completed
2218,119,2023-08-22,returned
1751,443,2025-07-10,cancelled
2437,367,2023-07-25,shipped
370,255,2024-10-10,returned
1955,324,2024-06-07,completed
1493,447,2024-04-16,returned
933,96,2024-09-08,pending
2908,326,2023-01-30,completed
1536,388,2025-09-23,returned
1775,452,2024-05-18,pending
2786,304,2025-01-17,returned
977,264,2024-09-10,cancelled
1788,34,2024-09-28,completed
1958,307,2025-03-19,returned
2550,201,2024-07-07,pending
1080,84,2023-04-07,cancelled
2059,446,2023-07-24,pending
2088,175,2023-01-04,returned
57,67,2023-04-30,completed
1443,1,2023-07-08,cancelled
2262,343,2023-12-10,pending
158,396,2025-01-23,shipped
894,256,2023-09-27,completed
326,285,2025-05-24,cancelled
522,214,2024-05-16,shipped
706,319,2024-01-22,cancelled
695,337,2023-08-28,shipped
1456,414,2023-01-29,completed
1024,250,2024-07-08,completed
949,439,2025-05-03,shipped
2145,48,2023-10-03,cancelled
2667,28,2023-06-01,completed
971,359,2025-01-07,shipped
1509,,2026-05-22,cancelled
119,264,2025-02-02,completed
923,134,2024-06-26,shipped
843,266,2024-07-22,cancelled
659,307,2026-13-45,completed
1848,35,2024-11-19,returned
1344,260,2026-02-20,returned
1397,91,2024-05-03,returned
2746,473,2023-08-19,cancelled
644,497,2025-02-24,pending
19,243,2024-09-19,completed
2573,305,2025-04-01,pending
528,83,2026-01-31,shipped
2935,177,2025-10-27,shipped
2653,86,2024-06-15,returned
1221,205,2024-04-17,pending
2952,437,2024-08-27,cancelled
172,323,2025-11-14,shipped
2838,198,2024-02-15,returned
857,352,2025-10-30,returned
1984,195,2023-03-12,shipped
410,417,2024-06-28,shipped
2934,155,2026-01-28,completed
297,132,2025-06-09,cancelled
1582,4,2023-08-12,cancelled
1739,194,2025-12-01,completed
1075,219,2023-08-24,pending
1408,502,2025-04-08,shipped
53,392,2023-11-12,pending
2281,350,2023-11-22,cancelled
711,384,2023-09-15,completed
13,223,2023-03-29,pending
1781,192,2024-04-09,cancelled
482,355,2025-09-17,pending
1593,151,2024-09-22,cancelled
759,456,2026-04-18,returned
1598,176,2024-01-19,cancelled
686,41,2025-10-12,returned
1847,271,2024-12-07,returned
118,151,2026-01-12,returned
362,92,2025-04-25,pending
2143,114,2024-07-04,pending
1392,20,2026-04-04,returned
1212,65,2024-02-15,cancelled
2799,89,2023-11-09,completed
1072,462,2025-09-01,returned
2129,69,2024-12-24,completed
1822,260,2024-09-27,cancelled
1633,480,2024-01-08,shipped
2076,,2023-11-29,cancelled
1422,380,2024-10-01,cancelled
1789,47,2025-09-02,cancelled
2724,76,2024-11-22,pending
2739,401,2023-04-19,pending
1244,380,2023-11-02,returned
974,384,2027-10-23,pending
1712,362,2023-07-05,pending
2511,494,2025-08-30,returned
1479,463,2026-05-05,completed
884,346,2026-06-02,shipped
2330,151,2024-12-26,returned
447,124,2023-02-03,shipped
257,238,2025-03-30,completed
1237,127,2025-06-03,returned
1837,488,2025-04-21,cancelled
284,271,2025-08-18,completed
1417,488,2024-10-04,cancelled
856,66,2027-07-02,cancelled
975,440,2025-07-29,pending
2339,415,2024-03-29,returned
2884,2,2026-13-45,completed
1489,79,2023-05-30,shipped
427,354,2024-12-21,completed
2288,164,2024-05-28,returned
423,357,2024-07-02,shipped
2656,306,2026-13-45,pending
1710,236,2025-05-05,shipped
139,392,2025-05-21,returned
2441,253,2024-10-09,pending
295,142,2024-05-23,shipped
424,420,2026-03-05,returned
1400,288,2024-04-12,cancelled
1953,356,2025-09-03,shipped
1337,203,2026-01-18,completed
913,438,2026-01-02,completed
22,144,2026-05-22,returned
279,17,2025-06-09,pending
514,277,2024-08-14,completed
878,237,2025-12-23,returned
2912,131,2025-05-18,shipped
919,478,2024-06-25,shipped
1865,203,2025-09-03,pending
2450,339,2024-05-13,cancelled
1708,260,2025-01-19,returned
1058,351,2025-07-14,shipped
1137,470,2024-01-22,returned
1801,410,2024-08-03,returned
2204,132,2025-11-24,shipped
303,168,2024-12-17,shipped
825,,2024-09-07,pending
2985,107,2024-08-01,pending
1404,11,2025-09-14,completed
808,401,2024-09-02,pending
2664,174,2023-07-20,pending
1579,139,2023-01-09,returned
1972,283,2024-06-22,cancelled
681,463,2024-12-09,shipped
354,442,2023-03-18,pending
1876,208,2025-05-27,pending
332,273,2025-03-03,completed
2711,204,2025-05-05,cancelled
1888,410,2023-01-29,pending
371,100,2025-06-24,completed
2697,371,2023-06-19,cancelled
941,,2025-08-15,cancelled
1446,41,2026-04-29,shipped
2061,465,2024-02-09,pending
1734,492,2024-08-28,returned
2831,68,2026-02-01,cancelled
1973,113,2026-03-01,pending
1722,47,2025-11-11,pending
2253,76,2024-04-21,returned
1683,364,2023-06-01,shipped
2966,464,2024-04-26,cancelled
906,4,2023-07-03,completed
2683,135,2023-12-28,pending
2134,410,2025-11-21,shipped
33,210,2025-09-29,shipped
2801,173,2026-05-11,returned
468,304,2026-03-26,pending
629,200,2026-03-28,pending
652,485,2023-11-21,cancelled
2744,422,2026-04-06,shipped
201,378,2025-04-19,completed
444,493,2023-07-13,shipped
2603,46,2025-07-23,shipped
1481,375,2023-07-25,returned
1362,341,2023-11-02,pending
2909,312,2026-05-22,completed
471,482,2025-05-06,shipped
1542,405,2026-05-06,returned
1314,71,2024-12-26,completed
1089,465,2023-12-20,completed
985,359,2025-08-04,completed
2569,311,2026-02-22,returned
1546,57,2025-02-08,shipped
2687,457,2024-11-29,completed
1650,208,2023-07-03,returned
787,181,2023-04-29,returned
741,366,2023-01-29,shipped
2359,341,2023-04-10,returned
950,281,2025-05-22,returned
1025,3,2024-01-04,cancelled
1694,173,2024-09-09,returned
126,288,2024-08-02,completed
417,421,2025-05-22,cancelled
2568,73,2025-11-21,returned
56,10,2025-07-27,completed
2131,131,2024-11-01,completed
905,357,2025-04-07,pending
2148,251,2023-08-30,pending
734,102,2025-12-18,cancelled
76,206,2023-01-20,returned
290,167,2024-03-04,cancelled
960,199,2024-02-28,returned
948,151,2025-04-26,shipped
1584,352,2024-12-25,shipped
2964,478,2026-05-28,completed
574,8,2023-01-09,shipped
1581,258,2023-12-15,cancelled
758,210,2023-12-12,returned
2611,496,2024-12-31,pending
1512,221,2025-04-05,cancelled
2607,498,2023-06-07,cancelled
892,7,2024-06-02,returned
1979,436,2024-12-03,shipped
1612,78,2024-04-06,cancelled
606,194,2025-12-12,shipped
315,170,2024-03-15,pending
2123,341,2023-03-05,pending
786,40,2024-12-25,shipped
1504,498,2026-04-03,cancelled
466,98,2024-06-05,cancelled
2259,21,2025-06-22,completed
2975,339,2023-05-10,completed
1226,333,2025-10-06,returned
2509,118,2026-13-45,completed
1376,22,2025-03-10,pending
1562,265,2024-06-14,returned
94,50,2026-13-45,pending
2658,491,2026-05-20,pending
2336,243,2024-08-15,shipped
771,261,2023-04-20,shipped
317,193,2025-09-09,shipped
1915,358,2025-01-07,shipped
2677,203,2026-13-45,pending
2624,26,2025-11-06,completed
1882,472,2025-04-19,returned
1038,135,2023-12-11,pending
1020,181,2025-05-22,completed
1153,524,2023-05-17,completed
1896,251,2024-09-25,pending
2062,,2025-11-02,cancelled
1213,212,2026-05-15,returned
480,,2026-02-06,completed
275,376,2024-10-31,pending
202,299,2024-11-12,cancelled
1948,456,2023-03-18,returned
675,305,2025-11-04,completed
1010,348,2023-03-11,shipped
2931,353,2024-02-08,completed
2322,114,2023-04-12,pending
2280,499,2023-04-29,completed
157,458,2025-03-07,shipped
2161,134,2026-05-28,shipped
1119,397,2024-02-25,pending
1983,112,2025-09-25,cancelled
228,131,2026-06-10,returned
2427,,2025-01-05,pending
2165,70,2024-06-24,completed
2056,412,2025-08-23,cancelled
1525,228,2023-02-21,pending
658,121,2024-03-01,returned
691,449,2024-04-23,cancelled
2149,118,2023-08-19,shipped
506,246,2026-02-02,cancelled
968,250,2025-09-28,returned
656,447,2025-09-05,cancelled
251,265,2024-09-07,shipped
2613,229,2024-03-08,returned
870,295,2026-04-10,completed
1613,355,2024-09-05,returned
1199,417,2025-11-09,cancelled
1656,482,2023-07-28,completed
1923,211,2025-11-17,completed
2757,7,2026-04-29,completed
1005,293,2025-04-23,cancelled
319,339,2024-03-22,cancelled
2057,402,2024-01-15,cancelled
2597,419,2024-11-19,returned
862,91,2025-02-24,completed
1022,248,2027-10-20,cancelled
2454,321,2024-04-04,shipped
2911,203,2027-08-24,returned
1559,226,2023-10-03,cancelled
1804,230,2023-10-22,returned
2040,43,2025-05-06,completed
1680,363,2023-08-08,returned
2383,474,2025-11-07,completed
668,364,2023-02-15,shipped
2537,147,2026-02-19,shipped
192,359,2025-09-04,pending
186,,2025-04-18,completed
2780,230,2023-03-25,shipped
635,463,2026-02-01,completed
477,429,2025-02-26,pending
676,486,2026-03-29,shipped
1767,34,2024-04-13,returned
2237,479,2025-11-15,completed
2410,254,2025-12-17,cancelled
1778,232,2025-08-04,returned
1368,61,2024-12-28,cancelled
474,50,2023-08-14,returned
502,3,2025-09-03,returned
1627,205,2024-04-01,completed
1461,188,2025-01-08,shipped
828,454,2025-06-04,cancelled
596,286,2024-12-18,cancelled
1431,266,2025-06-03,shipped
795,478,2026-04-23,shipped
1127,401,2025-11-02,completed
1463,89,2025-09-30,returned
2578,362,2024-03-16,completed
2319,479,2025-04-05,completed
2033,464,2025-04-03,pending
1474,178,2024-04-19,cancelled
976,29,2023-02-04,completed
773,138,2025-06-18,shipped
2790,127,2023-06-10,cancelled
1867,330,2024-04-30,pending
755,290,2023-05-11,returned
2579,402,2025-11-01,completed
302,6,2024-12-30,returned
2006,19,2025-02-04,pending
2362,343,2025-05-09,returned
2207,324,2024-07-10,pending
648,321,2025-10-25,pending
32,495,2024-06-20,pending
2693,76,2024-03-07,cancelled
153,184,2023-02-10,cancelled
2482,171,2024-09-12,completed
2621,162,2023-10-26,cancelled
1231,138,2023-04-14,returned
871,359,2025-07-04,cancelled
2457,263,2023-07-26,pending
2777,194,2023-12-10,cancelled
1870,282,2024-06-09,completed
2232,284,2024-03-22,completed
21,244,2023-07-14,cancelled
49,62,2026-05-28,returned
452,337,2025-01-30,shipped
2044,43,2025-06-12,completed
1031,170,2023-05-05,completed
600,146,2023-02-15,cancelled
1752,354,2023-04-15,completed
2916,150,2025-05-08,shipped
2679,300,2025-09-27,completed
2475,357,2026-01-01,shipped
2038,110,2023-03-11,returned
2097,160,2023-06-15,shipped
2823,240,2025-06-10,returned
2602,305,2024-10-06,cancelled
2042,432,2024-05-05,cancelled
2612,323,2023-01-07,cancelled
1424,256,2024-08-22,cancelled
2942,442,2024-02-25,shipped
1440,170,2023-04-09,shipped
2880,444,2023-10-10,completed
1738,70,2023-05-17,returned
578,390,2025-11-12,cancelled
2808,185,2023-08-02,shipped
2405,66,2024-01-12,shipped
2768,237,2026-04-16,shipped
529,342,2023-04-26,pending
1571,94,2023-07-03,pending
1071,386,2024-04-24,returned
1329,195,2024-06-09,pending
1666,500,2025-06-15,pending
1956,263,2026-01-02,pending
1928,249,2026-13-45,pending
2193,368,2024-07-06,pending
2907,290,2025-12-17,pending
2828,121,2023-09-27,completed
2251,146,2026-06-06,completed
2519,416,2026-05-22,returned
1901,130,2026-05-21,pending
2837,80,2025-04-25,cancelled
10,438,2024-11-09,completed
149,36,2023-08-16,pending
2559,71,2026-01-22,pending
298,371,2025-08-30,cancelled
2961,248,2023-05-03,shipped
611,297,2024-02-25,completed
2082,139,2025-06-06,pending
833,273,2025-06-04,returned
2081,480,2024-02-21,completed
237,373,2024-12-30,pending
1507,145,2026-03-29,completed
2899,23,2025-01-20,returned
2182,212,2025-05-06,pending
2492,160,2023-05-13,shipped
291,124,2024-08-30,shipped
2108,208,2023-04-18,shipped
1798,454,2026-06-14,cancelled
2903,274,2025-12-27,pending
1534,164,2023-09-07,cancelled
1428,72,2027-03-03,shipped
747,353,2024-11-10,returned
2648,492,2025-03-23,shipped
1873,145,2023-10-27,cancelled
2013,335,2026-04-08,returned
2922,157,2023-06-05,shipped
2675,436,2024-04-22,pending
504,,2023-08-31,returned
243,70,2023-11-15,shipped
1414,155,2025-08-28,cancelled
1270,459,2024-09-26,pending
895,129,2023-08-10,completed
136,208,2026-05-19,returned
731,370,2027-05-25,cancelled
1399,15,2023-02-22,cancelled
1398,66,2024-08-16,returned
1813,466,2024-02-22,shipped
1594,379,2025-08-02,pending
82,381,2025-01-11,shipped
1934,286,2025-03-12,returned
1632,339,2023-03-04,cancelled
2190,392,2024-08-20,pending
1868,489,2024-06-30,pending
1444,218,2023-07-12,returned
1567,465,2025-07-18,completed
2861,489,2026-05-25,returned
156,297,2024-09-17,returned
1601,294,2023-06-08,shipped
498,405,2024-11-17,shipped
665,252,2026-03-22,pending
763,10,2024-02-02,cancelled
1619,118,2024-04-21,pending
874,141,2025-01-13,shipped
553,247,2023-03-07,shipped
796,435,2023-07-03,completed
2688,263,2023-03-28,returned
1053,99,2023-03-28,returned
2773,107,2023-10-29,shipped
61,12,2026-05-11,shipped
129,421,2025-07-25,cancelled
2248,90,2023-05-01,pending
1907,351,2023-10-01,cancelled
1442,111,2023-05-23,completed
1501,197,2024-11-11,returned
2254,137,2026-03-31,completed
2364,90,2023-01-23,completed
746,266,2024-01-01,returned
2304,415,2023-12-09,completed
435,143,2023-02-07,cancelled
2266,74,2025-03-05,completed
1833,89,2025-12-24,pending
166,301,2025-11-27,completed
2104,278,2023-08-10,completed
1388,19,2023-09-22,completed
1988,87,2023-03-23,pending
811,320,2024-03-20,completed
495,70,2026-01-25,returned
2988,,2025-03-02,shipped
1971,221,2026-06-18,pending
1030,446,2026-05-04,pending
1574,298,2024-11-01,returned
831,191,2024-12-24,pending
532,472,2025-06-26,completed
634,470,2025-10-27,pending
1926,252,2025-04-26,pending
2704,256,2023-04-24,cancelled
113,379,2024-09-17,shipped
1748,3,2024-09-24,pending
2632,260,2025-09-20,shipped
1702,7,2023-02-25,cancelled
2636,18,2024-06-09,completed
2106,160,2024-02-22,returned
929,384,2026-03-28,pending
231,400,2025-09-11,cancelled
1917,256,2023-12-15,cancelled
564,9,2024-09-26,returned
1932,225,2024-11-29,returned
2949,470,2026-04-08,completed
1818,241,2024-10-25,cancelled
2544,455,2025-07-04,shipped
2719,282,2024-01-30,returned
2662,161,2024-08-04,shipped
489,108,2024-11-15,returned
679,107,2024-12-21,pending
1384,143,2025-08-18,completed
916,98,2026-04-02,completed
1396,392,2023-03-07,cancelled
1793,288,2025-10-19,shipped
844,231,2024-01-29,returned
316,281,2025-04-16,returned
494,456,2024-08-06,returned
39,336,2025-08-15,cancelled
1494,497,2023-09-19,shipped
2538,131,2026-04-29,cancelled
2138,290,2026-04-22,shipped
1167,330,2026-05-16,returned
404,208,2024-10-26,completed
1059,197,2023-11-18,shipped
2079,105,2025-07-19,pending
2171,434,2024-08-23,cancelled
1454,30,2023-01-28,shipped
638,209,2023-09-04,completed
1590,162,2025-11-15,returned
2664,174,2023-07-20,pending
187,353,2024-12-28,cancelled
1700,423,2024-08-21,completed
1912,156,2025-03-07,pending
406,197,2026-01-18,completed
2034,205,2026-03-01,returned
2308,273,2024-04-14,returned
986,33,2025-02-09,shipped
479,298,2026-01-11,completed
2818,406,2023-12-25,cancelled
1220,470,2023-08-03,cancelled
860,486,2024-07-31,returned
55,103,2023-09-12,cancelled
133,380,2025-03-02,returned
2270,321,2026-03-03,returned
2703,443,2025-07-17,returned
2638,38,2024-06-26,shipped
203,233,2025-02-04,returned
2409,477,2023-05-11,completed
431,294,2025-07-07,cancelled
2498,128,2026-05-28,returned
256,253,2023-05-02,pending
2378,346,2025-05-11,completed
830,195,2026-06-04,completed
2422,22,2026-02-28,shipped
217,114,2025-08-08,shipped
1578,326,2024-04-24,shipped
2070,419,2026-03-28,pending
412,1,2025-02-11,pending
583,345,2023-07-05,completed
2035,486,2023-02-14,completed
982,294,2025-02-24,shipped
18,275,2025-06-12,cancelled
1737,360,2025-05-09,shipped
2163,60,2023-09-28,pending
2180,2,2024-05-01,cancelled
209,265,2026-13-45,shipped
1645,237,2023-12-13,shipped
486,390,2024-05-17,shipped
2331,89,2024-12-04,cancelled
1013,161,2023-03-09,completed
2876,67,2023-09-02,pending
2619,522,2025-04-29,cancelled
1143,365,2024-03-09,returned
804,479,2024-02-19,cancelled
1274,420,2024-04-09,pending
1520,,2025-07-18,cancelled
660,344,2024-12-26,cancelled
374,,2025-01-31,cancelled
745,244,2023-09-13,pending
180,273,2023-10-03,shipped
413,229,2024-07-27,pending
403,434,2025-07-20,pending
1423,447,2025-11-24,completed
2449,211,2025-07-11,completed
1064,27,2026-02-14,pending
2192,293,2025-06-25,cancelled
1660,192,2025-10-11,pending
96,421,2024-11-15,returned
2982,470,2026-01-08,cancelled
2472,79,2023-11-29,shipped
2117,496,2025-02-19,pending
2164,58,2024-05-04,shipped
266,402,2026-04-01,returned
733,334,2023-02-26,returned
2060,76,2024-07-13,completed
2050,121,2023-01-11,cancelled
1178,254,2026-04-14,cancelled
1382,293,2024-11-08,returned
2690,101,2024-09-05,cancelled
1257,51,2026-05-31,cancelled
957,120,2024-08-02,pending
1758,434,2025-12-09,returned
2520,271,2025-09-08,cancelled
2470,145,2026-06-29,shipped
2608,447,2025-08-23,pending
602,177,2024-02-16,cancelled
2176,259,2025-06-24,cancelled
329,230,2023-04-20,shipped
802,491,2024-02-26,completed
2020,170,2023-03-13,returned
415,46,2026-13-45,shipped
507,500,2025-09-14,returned
2741,500,2024-02-13,returned
1160,17,2023-02-02,cancelled
1133,135,2023-06-04,completed
1638,115,2025-09-02,completed
71,52,2023-03-08,cancelled
705,284,2025-11-24,completed
2696,305,2025-11-29,shipped
1462,32,2025-04-16,completed
671,3,2024-08-10,shipped
1460,461,2024-03-04,cancelled
1036,5,2025-04-12,returned
1773,233,2025-05-13,returned
1378,87,2023-01-02,cancelled
356,,2027-05-11,pending
618,124,2024-11-05,pending
2923,438,2024-10-23,completed
625,462,2025-12-17,returned
1550,372,2024-05-22,completed
2796,310,2023-07-01,returned
1259,214,2026-01-05,shipped
2845,129,2025-02-15,cancelled
1260,237,2026-06-13,shipped
859,323,2025-04-23,shipped
1114,388,2025-04-13,cancelled
2749,507,2024-05-02,shipped
964,18,2023-08-02,shipped
515,360,2025-04-04,pending
597,200,2026-05-17,returned
1235,220,2025-01-27,cancelled
1980,345,2025-04-02,returned
2051,19,2026-05-10,completed
1243,439,2024-07-28,pending
2091,400,2025-01-04,returned
446,411,2023-06-17,completed
1691,181,2025-08-31,shipped
150,300,2023-02-09,pending
62,193,2026-04-09,cancelled
1482,248,2024-11-14,returned
851,,2025-04-03,returned
247,241,2026-13-45,shipped
2380,251,2023-04-22,shipped
330,104,2025-08-01,pending
1914,130,2025-07-04,returned
1939,383,2025-11-17,returned
1202,3,2025-02-24,returned
2939,403,2026-05-07,cancelled
2092,461,2023-05-22,completed
2268,230,2026-04-23,pending
2236,189,2025-08-14,shipped
1675,307,2023-06-27,cancelled
1811,391,2023-08-17,completed
1679,254,2026-05-22,pending
1131,147,2025-05-29,returned
533,164,2026-13-45,pending
626,430,2023-11-28,pending
1640,531,2023-08-02,returned
1439,135,2026-05-07,shipped
1587,203,2025-11-27,pending
2958,,2023-04-04,pending
1606,203,2025-04-02,returned
2720,186,2025-04-03,cancelled
16,401,2024-08-04,returned
1856,321,2025-05-13,returned
1615,300,2023-11-26,cancelled
2811,18,2023-12-15,pending
1880,159,2024-11-18,completed
517,270,2024-09-30,completed
416,151,2025-01-11,completed
1302,149,2023-03-11,cancelled
669,64,2023-06-23,cancelled
693,41,2023-07-31,shipped
2191,34,2023-04-25,pending
1679,254,2026-05-22,pending
2012,328,2025-08-07,completed
341,127,2025-08-02,returned
1728,308,2025-08-20,cancelled
2287,422,2024-05-10,shipped
1433,,2026-01-31,pending
2501,92,2025-12-31,completed
1063,21,2025-01-28,pending
610,294,2026-01-01,returned
2015,6,2023-05-17,completed
1267,55,2023-07-10,cancelled
840,472,2025-01-30,shipped
2045,201,2026-02-26,returned
1499,428,2024-07-26,completed
29,64,2023-04-26,completed
970,201,2025-03-13,returned
1364,102,2023-01-21,pending
361,430,2025-04-22,shipped
439,79,2024-01-23,returned
104,69,2025-07-24,pending
1569,260,2025-12-02,completed
1229,137,2023-07-21,pending
897,436,2024-12-09,returned
2878,24,2025-03-08,cancelled
1802,436,2023-06-05,cancelled
2826,30,2026-06-28,pending
728,85,2023-02-16,returned
2788,437,2025-08-31,cancelled
189,387,2024-12-13,pending
1564,87,2023-07-28,shipped
1279,,2024-08-01,cancelled
1060,82,2023-02-13,shipped
920,385,2025-11-12,cancelled
1332,425,2023-10-04,shipped
1783,338,2023-09-13,returned
1759,58,2023-10-16,pending
2039,173,2026-03-16,pending
48,444,2023-01-17,shipped
1533,206,2025-02-15,shipped
2181,371,2026-06-01,shipped
2433,10,2025-03-05,completed
121,476,2023-07-24,cancelled
513,361,2026-02-27,completed
2734,465,2023-12-17,completed
1438,338,2023-08-17,pending
1209,276,2023-06-04,completed
1750,127,2024-01-03,shipped
2503,224,2024-12-18,cancelled
521,76,2024-11-28,returned
822,154,2023-11-01,returned
720,467,2024-02-01,cancelled
368,362,2024-05-08,cancelled
122,155,2024-11-08,returned
355,158,2023-09-14,cancelled
1878,346,2023-05-27,pending
588,183,2023-04-22,returned
2140,253,2023-12-06,pending
993,181,2023-10-29,shipped
2301,369,2023-09-13,shipped
2571,401,2023-07-07,shipped
350,233,2024-04-25,completed
2692,87,2024-07-31,returned
2598,,2023-11-27,returned
1673,321,2024-03-20,returned
1747,8,2024-10-25,completed
2870,,2023-09-04,returned
227,440,2023-01-09,shipped
2471,220,2024-04-02,completed
709,371,2024-04-22,returned
1904,294,2026-05-27,pending
2533,169,2025-10-01,pending
130,334,2026-01-31,pending
469,274,2026-04-27,returned
1629,449,2024-04-05,returned
1175,126,2023-09-28,returned
74,5,2023-10-29,pending
2592,70,2024-02-03,returned
1418,13,2024-06-23,returned
1341,41,2026-03-29,cancelled
724,213,2026-06-07,cancelled
285,266,2025-01-04,completed
1715,120,2025-01-09,shipped
2970,88,2023-03-21,cancelled
2249,113,2024-02-24,cancelled
440,372,2025-08-09,pending
1360,335,2023-10-06,returned
2260,543,2024-09-04,shipped
572,483,2024-07-17,cancelled
2920,274,2025-12-13,cancelled
388,366,2024-01-21,shipped
2840,394,2026-05-08,completed
358,338,2024-08-16,returned
1207,423,2025-07-30,completed
1022,248,2027-10-20,cancelled
72,26,2025-04-30,completed
1862,368,2024-04-12,pending
1411,44,2026-01-16,completed
911,204,2023-06-25,returned
655,128,2024-12-02,cancelled
1277,149,2025-02-26,cancelled
1686,485,2025-05-27,cancelled
790,418,2023-05-05,shipped
1469,387,2024-12-24,pending
932,102,2023-02-18,returned
1916,302,2025-01-25,returned
2930,412,2024-11-10,completed
1331,425,2026-01-05,cancelled
2867,439,2026-06-09,pending
2036,222,2025-08-01,pending
287,383,2024-07-05,completed
2052,65,2026-03-29,pending
1420,107,2024-04-20,returned
2175,14,2025-10-20,pending
138,184,2023-08-31,shipped
577,93,2025-03-13,cancelled
2765,511,2023-07-01,returned
2778,246,2027-08-05,completed
5,329,2025-10-17,shipped
1184,263,2025-07-27,pending
1830,484,2026-01-28,returned
2103,299,2023-06-20,completed
2898,359,2023-08-12,completed
565,306,2024-09-28,shipped
2502,403,2023-05-10,shipped
2077,169,2023-03-26,pending
376,170,2023-09-11,cancelled
2209,314,2025-07-29,shipped
571,462,2024-08-01,pending
66,426,2024-12-02,completed
1094,472,2025-11-03,pending
566,418,2025-10-27,completed
2255,38,2023-05-16,pending
240,44,2023-07-19,returned
392,140,2023-03-21,pending
220,298,2026-05-09,completed
2541,544,2026-04-19,cancelled
1809,283,2024-09-27,pending
1770,391,2025-05-07,completed
1657,454,2023-10-06,shipped
1120,20,2024-05-14,cancelled
2496,59,2026-05-13,completed
1161,59,2026-06-25,pending
1026,252,2025-10-14,pending
2355,429,2024-03-11,completed
1537,205,2026-13-45,cancelled
1318,225,2024-06-17,pending
1829,22,2026-06-18,cancelled
2748,354,2024-11-04,pending
1684,404,2023-06-14,returned
1692,157,2023-05-23,completed
1138,310,2023-03-12,returned
980,238,2025-09-27,returned
1327,302,2024-12-06,returned
834,472,2023-08-09,completed
1487,235,2027-03-18,returned
2700,30,2025-08-29,cancelled
2779,157,2024-12-06,cancelled
1065,324,2023-10-04,shipped
775,105,2025-03-14,pending
2531,,2025-08-19,completed
615,265,2023-03-16,pending
1266,266,2023-05-24,returned
2349,94,2025-06-17,completed
580,146,2023-08-24,returned
2054,283,2024-01-19,shipped
1351,467,2024-05-18,shipped
2974,92,2024-07-05,pending
1513,463,2024-01-13,shipped
2275,511,2023-12-28,completed
2505,231,2023-08-02,cancelled
1304,160,2023-10-03,returned
2862,359,2024-04-25,shipped
2144,210,2023-09-21,completed
394,412,2024-05-09,cancelled
2859,278,2024-07-22,completed
1826,470,2024-11-20,cancelled
1001,57,2025-12-04,shipped
397,323,2026-04-19,returned
487,28,2026-04-13,pending
1780,448,2023-08-04,shipped
1021,468,2024-05-12,pending
898,,2025-12-12,pending
1136,240,2024-03-01,shipped
2110,54,2024-05-17,completed
2415,464,2025-07-21,returned
2445,108,2025-12-25,shipped
2507,208,2023-09-20,returned
208,404,2025-12-14,pending
167,181,2024-08-20,cancelled
2694,176,2024-04-26,shipped
1592,393,2025-01-16,cancelled
1057,290,2024-03-24,completed
1967,56,2023-02-05,returned
1742,383,2024-10-18,shipped
2244,456,2023-08-19,pending
337,310,2025-10-23,returned
2226,454,2026-06-15,pending
2646,439,2026-01-17,completed
1380,15,2024-05-06,shipped
2220,259,2023-07-28,pending
37,262,2023-02-10,cancelled
1591,526,2024-01-21,completed
2959,223,2025-02-04,pending
1884,26,2024-10-18,completed
2365,112,2024-05-18,shipped
2179,195,2024-10-05,returned
2384,21,2025-06-07,pending
1871,4,2023-03-14,cancelled
2575,447,2025-03-07,pending
2026,461,2023-11-11,cancelled
569,407,2023-10-04,shipped
963,76,2024-01-11,shipped
624,11,2024-06-28,completed
2326,115,2025-05-23,completed
1575,325,2024-03-03,completed
379,348,2025-06-28,cancelled
2375,29,2025-02-25,cancelled
2877,,2025-11-07,pending
11,318,2023-12-10,pending
1664,285,2025-12-15,cancelled
488,255,2024-12-30,pending
1033,167,2024-03-27,returned
497,235,2023-11-10,returned
369,320,2026-06-04,cancelled
2328,85,2023-11-14,completed
2342,324,2023-01-21,cancelled
2135,502,2024-09-22,cancelled
2115,216,2023-01-30,cancelled
14,467,2023-06-24,completed
20,206,2024-02-14,completed
2508,359,2024-04-06,cancelled
456,133,2025-09-22,cancelled
2432,181,2023-05-30,shipped
981,43,2023-11-18,completed
2927,150,2025-07-09,completed
1652,96,2023-12-26,cancelled
2587,205,2026-01-27,pending
1019,477,2023-10-26,shipped
1544,151,2024-05-18,completed
2126,91,2023-07-10,returned
2904,346,2026-01-29,completed
75,319,2024-07-07,cancelled
85,457,2023-07-17,shipped
250,331,2024-02-19,returned
9,275,2025-04-07,returned
893,320,2024-07-09,cancelled
2661,109,2025-06-05,shipped
7,78,2025-06-04,completed
2933,176,2024-03-03,returned
2900,326,2025-08-09,shipped
60,486,2024-05-11,returned
608,315,2024-08-23,cancelled
2014,21,2023-10-06,returned
817,454,2024-12-10,shipped
682,251,2023-01-24,returned
271,129,2026-03-30,completed
689,417,2025-12-08,cancelled
2605,37,2023-11-28,completed
607,346,2023-03-24,pending
768,31,2026-02-26,shipped
1769,501,2025-05-10,shipped
1124,221,2024-09-02,completed
1305,480,2025-02-16,cancelled
1681,474,2024-01-24,returned
2162,208,2024-05-22,cancelled
2352,150,2027-07-08,returned
918,329,2024-08-02,shipped
481,362,2024-06-29,shipped
647,453,2024-03-22,shipped
2066,494,2023-04-13,shipped
161,290,2025-07-04,pending
1840,145,2023-07-29,cancelled
2642,389,2027-03-25,pending
2582,231,2026-01-29,completed
2089,207,2023-09-13,pending
1102,429,2024-11-20,shipped
2622,506,2024-01-17,pending
1142,130,2025-12-24,pending
944,212,2026-13-45,pending
1336,144,2024-06-30,cancelled
809,222,2025-12-15,completed
2874,426,2025-05-18,cancelled
2562,,2026-02-04,returned
2491,413,2025-02-10,pending
1610,434,2026-05-23,completed
826,523,2023-03-26,completed
2168,70,2024-12-11,pending
2761,189,2023-08-20,completed
1654,14,2024-06-09,shipped
207,236,2026-06-25,shipped
179,311,2023-04-10,completed
1232,306,2023-01-10,cancelled
1791,244,2025-01-27,cancelled
352,363,2024-11-03,returned
536,58,2025-06-20,returned
2324,331,2024-01-19,returned
2539,423,2024-10-20,shipped
1195,,2023-05-05,cancelled
2010,515,2025-07-29,returned
134,236,2024-02-14,cancelled
2343,404,2025-08-02,shipped
449,54,2025-02-26,returned
2313,387,2026-05-26,returned
363,404,2026-03-10,shipped
2284,302,2024-05-24,shipped
1796,419,2025-04-30,cancelled
946,120,2023-11-09,shipped
2094,442,2025-06-29,returned
97,202,2023-05-18,pending
1061,234,2025-03-01,shipped
1869,10,2026-06-19,shipped
1278,201,2026-02-09,returned
1103,40,2024-07-04,completed
2153,231,2023-10-28,pending
2049,261,2024-07-18,cancelled
40,439,2023-07-06,shipped
241,68,2023-12-05,shipped
1554,248,2023-01-16,pending
1899,298,2023-08-01,returned
1406,81,2024-03-03,shipped
520,92,2026-02-15,cancelled
1726,289,2026-05-15,cancelled
2105,153,2025-01-26,shipped
1753,419,2024-09-21,returned
2278,457,2024-11-29,shipped
1962,332,2023-07-24,returned
1046,311,2025-09-10,completed
1695,58,2024-07-04,pending
2195,324,2024-02-04,returned
2485,433,2025-09-08,completed
1170,402,2023-01-21,returned
2895,81,2025-07-31,pending
2214,136,2025-03-23,cancelled
1761,394,2026-06-10,completed
700,379,2025-06-24,returned
373,327,2024-09-10,pending
2382,450,2023-09-01,cancelled
2200,189,2024-04-05,pending
1310,54,2024-04-02,completed
453,151,2023-10-22,returned
2960,157,2024-07-13,returned
436,508,2024-02-11,shipped
434,320,2023-07-05,completed
539,12,2025-06-21,completed
152,431,2023-09-02,cancelled
1566,374,2026-02-19,completed
2706,242,2025-03-06,cancelled
2937,516,2023-10-15,pending
2213,269,2026-03-23,completed
2394,58,2025-09-09,returned
1471,152,2024-01-27,cancelled
1413,100,2025-08-19,shipped
1108,364,2023-02-14,pending
2855,230,2025-04-11,returned
99,231,2024-02-09,returned
2283,39,2025-09-10,completed
1230,367,2026-01-27,returned
2469,94,2024-12-11,cancelled
2822,111,2023-04-25,pending
324,321,2026-03-25,cancelled
1676,222,2024-07-17,returned
1927,170,2024-02-04,returned
535,294,2023-04-27,pending
921,334,2024-05-05,returned
2889,222,2025-03-25,pending
1294,252,2023-05-21,returned
1447,365,2023-01-29,pending
2563,224,2025-06-13,returned
2628,477,2025-07-30,cancelled
1724,32,2024-11-05,shipped
749,109,2025-05-06,returned
853,120,2023-10-05,shipped
93,393,2023-03-18,shipped
2528,350,2024-06-13,shipped
1540,307,2025-12-19,shipped
739,64,2025-09-04,completed
1944,38,2025-12-24,shipped
1828,391,2025-09-01,returned
2913,39,2026-01-31,shipped
1113,15,2024-09-27,pending
2756,118,2023-07-16,shipped
70,343,2024-04-04,returned
582,,2024-03-21,returned
338,71,2024-01-25,pending
1106,452,2024-07-17,completed
2408,483,2024-03-01,completed
880,237,2026-02-23,completed
742,418,2025-08-25,shipped
1403,106,2024-12-16,completed
2717,54,2025-03-15,completed
64,130,2025-07-18,returned
1628,435,2023-03-09,cancelled
2654,452,2023-07-27,pending
381,193,2026-03-22,shipped
2805,171,2026-05-11,returned
2760,164,2026-05-11,cancelled
753,458,2026-05-07,cancelled
540,263,2025-07-16,returned
1201,122,2025-01-29,shipped
1236,390,2023-12-29,completed
924,488,2023-01-10,pending
593,151,2025-04-23,returned
221,122,2023-01-01,cancelled
1668,64,2024-06-16,shipped
1004,373,2024-05-03,cancelled
1255,101,2023-09-02,returned
1052,372,2023-01-11,returned
1863,84,2025-10-29,pending
26,260,2023-06-09,returned
1942,199,2025-03-24,shipped
281,311,2025-05-09,completed
2242,488,2023-01-06,shipped
685,80,2026-03-15,returned
2333,9,2024-10-17,shipped
455,400,2023-04-12,completed
2807,221,2025-04-13,completed
2936,394,2026-06-17,pending
1670,322,2023-05-29,shipped
2852,,2024-05-16,shipped
1296,18,2023-10-30,pending
1040,77,2023-11-22,pending
103,312,2026-02-11,pending
492,102,2023-02-19,cancelled
761,317,2025-01-02,shipped
584,203,2023-02-11,returned
2031,208,2024-04-14,completed
2816,340,2023-09-29,returned
2865,14,2025-12-06,shipped
310,188,2025-01-04,cancelled
1936,13,2023-08-27,pending
2087,354,2025-03-29,shipped
169,96,2024-04-05,pending
2320,168,2023-04-18,pending
1560,440,2026-02-06,returned
2215,470,2024-07-15,completed
837,340,2025-06-27,shipped
448,,2027-02-05,shipped
384,90,2025-08-07,completed
657,217,2023-05-26,shipped
704,,2024-04-19,returned
1850,318,2024-12-18,returned
2681,381,2026-04-10,completed
142,332,2023-12-28,cancelled
777,335,2026-13-45,pending
367,293,2026-02-01,shipped
1891,33,2024-02-16,pending
2521,178,2023-01-09,shipped
886,550,2023-12-27,returned
1890,454,2024-12-28,shipped
107,364,2025-07-13,pending
51,162,2024-05-06,pending
2307,494,2024-06-23,shipped
1367,463,2024-08-09,returned
560,181,2026-05-10,pending
997,43,2026-06-09,cancelled
2028,341,2025-09-27,cancelled
393,53,2023-11-25,pending
246,156,2026-13-45,completed
123,270,2024-07-27,pending
1283,336,2023-07-21,pending
2478,425,2024-03-06,completed
1949,148,2023-09-14,returned
1905,422,2023-04-07,returned
1389,101,2025-05-23,cancelled
41,255,2023-12-07,cancelled
128,408,2024-10-07,completed
2390,527,2025-12-10,returned
2228,109,2024-08-07,completed
1677,376,2026-06-14,cancelled
2925,369,2024-10-22,returned
1477,166,2023-07-09,cancelled
2340,213,2025-01-17,returned
288,219,2025-09-30,completed
556,28,2026-05-11,cancelled
1697,47,2023-02-11,shipped
1602,12,2025-04-29,pending
969,12,2023-11-29,shipped
1374,153,2023-08-24,returned
2436,384,2024-07-10,cancelled
131,396,2025-03-01,shipped
2915,106,2024-06-28,returned
621,15,2025-02-10,pending
230,180,2024-02-06,shipped
696,354,2023-05-30,returned
2674,366,2024-01-25,pending
1838,254,2025-09-21,pending
1636,241,2023-09-05,completed
2238,207,2024-12-19,shipped
612,219,2024-06-11,pending
50,103,2025-06-30,cancelled
2893,394,2023-08-06,returned
206,289,2024-12-02,returned
2841,62,2024-02-24,shipped
1563,301,2024-07-18,shipped
407,223,2025-05-26,shipped
1768,165,2023-01-17,cancelled
2154,188,2024-07-29,cancelled
1568,117,2024-06-12,pending
1252,,2024-01-20,shipped
789,548,2025-06-10,completed
146,291,2025-04-20,completed
212,256,2024-02-17,pending
2548,286,2024-05-27,pending
2186,540,2023-08-17,shipped
442,486,2025-03-23,shipped
2843,457,2023-06-20,completed
1718,128,2025-09-23,shipped
707,241,2024-11-01,cancelled
2987,,2024-06-30,cancelled
2759,188,2023-03-17,returned
2645,96,2025-09-20,shipped
1086,44,2025-09-09,completed
2891,198,2023-12-20,pending
1187,254,2026-03-03,returned
760,293,2025-10-22,cancelled
2846,253,2023-01-06,completed
1223,458,2023-11-07,returned
2032,76,2024-01-29,shipped
321,162,2025-10-21,returned
1529,320,2025-02-26,shipped
727,6,2023-09-19,shipped
751,21,2023-07-20,shipped
1872,85,2023-11-08,returned
1667,128,2025-10-21,cancelled
2353,361,2024-07-28,pending
1048,185,2025-05-14,cancelled
1597,128,2023-07-16,cancelled
619,441,2023-04-22,completed
1945,481,2026-03-03,pending
2286,375,2023-09-23,shipped
2406,61,2025-11-24,pending
116,445,2024-02-18,returned
1908,480,2023-12-05,returned
2229,27,2023-05-24,returned
1135,205,2026-06-19,completed
591,498,2023-07-25,pending
592,50,2023-12-29,completed
2599,464,2025-11-27,completed
405,206,2025-05-15,shipped
1268,443,2025-12-12,completed
2524,409,2024-01-01,cancelled
1978,434,2023-12-21,completed
2546,120,2023-03-30,completed
244,289,2023-11-23,returned
309,221,2025-05-23,cancelled
2635,125,2024-06-27,cancelled
2257,473,2023-02-06,completed
984,167,2023-11-24,completed
1521,67,2026-03-22,cancelled
2972,449,2023-03-11,cancelled
654,210,2024-01-19,pending
882,151,2023-01-02,completed
2315,437,2025-04-06,cancelled
409,50,2025-01-01,returned
1115,44,2023-01-02,shipped
2424,32,2023-10-23,returned
2825,245,2025-07-14,shipped
2027,133,2023-12-21,shipped
2827,89,2026-01-25,pending
232,456,2026-04-18,completed
81,33,2026-05-21,cancelled
272,98,2025-03-19,shipped
1145,85,2025-08-28,pending
1100,29,2025-04-03,pending
30,243,2023-01-19,shipped
549,300,2026-01-05,cancelled
2232,284,2024-03-22,completed
1845,313,2024-12-26,pending
1459,437,2024-10-25,pending
2673,377,2023-05-31,completed
143,22,2024-06-06,completed
2504,443,2024-10-09,cancelled
349,231,2025-05-02,completed
2888,88,2026-06-09,shipped
698,75,2024-01-29,pending
2684,199,2023-08-22,returned
278,50,2024-02-22,shipped
1074,84,2025-10-21,pending
162,250,2023-01-17,pending
684,21,2024-02-28,shipped
1084,453,2025-06-02,completed
1429,473,2024-04-14,cancelled
546,478,2023-08-07,shipped
1622,26,2023-11-28,returned
524,267,2023-02-01,cancelled
2233,122,2023-09-17,returned
764,228,2026-02-12,completed
95,281,2023-07-16,shipped
1717,62,2025-12-27,completed
2609,223,2026-04-16,completed
2100,379,2026-04-13,cancelled
791,496,2024-02-01,cancelled
1430,73,2025-05-09,cancelled
462,433,2027-09-05,completed
2551,264,2024-05-16,completed
52,325,2026-13-45,completed
2479,387,2023-05-26,shipped
35,365,2024-04-18,cancelled
953,113,2025-02-21,cancelled
387,481,2024-03-29,shipped
1029,225,2024-11-07,returned
58,153,2025-04-29,cancelled
1842,168,2024-02-03,pending
1946,165,2026-04-07,returned
1164,158,2027-08-02,returned
1658,547,2024-10-04,cancelled
879,129,2023-03-21,completed
959,489,2027-02-02,returned
912,,2025-10-25,pending
2098,154,2025-01-27,pending
1472,179,2025-10-04,shipped
2671,441,2024-01-05,shipped
1816,352,2025-08-27,pending
1925,199,2024-01-18,shipped
2247,328,2024-09-27,completed
842,432,2023-05-05,cancelled
2022,7,2025-06-11,pending
2078,133,2024-06-21,pending
267,256,2023-06-03,completed
2142,379,2024-05-02,completed
2064,381,2025-10-04,shipped
2420,107,2025-07-13,completed
854,175,2023-06-27,completed
1250,239,2023-04-23,pending
832,450,2024-03-12,completed
1550,372,2024-05-22,completed
1110,422,2025-07-17,shipped
1572,137,2024-01-22,shipped
433,243,2025-12-07,shipped
491,60,2025-06-17,completed
2294,338,2025-07-27,cancelled
2265,91,2023-02-25,shipped
1741,29,2024-06-25,shipped
2629,119,2023-05-15,completed
88,121,2024-09-29,completed
806,308,2023-03-25,shipped
1090,76,2023-03-21,cancelled
1858,66,2023-12-29,cancelled
505,487,2024-07-14,pending
2011,105,2025-10-25,returned
557,150,2024-01-04,shipped
1859,189,2023-03-20,pending
2203,470,2023-12-02,pending
1347,262,2026-06-18,completed
972,413,2024-12-31,completed
2896,435,2025-05-07,shipped
459,293,2024-08-21,cancelled
1437,157,2024-05-13,cancelled
1311,401,2023-12-11,pending
1105,173,2023-05-16,returned
1861,145,2023-06-13,cancelled
2978,137,2025-12-20,pending
2514,,2023-07-16,shipped
1140,308,2025-04-05,returned
2198,44,2026-05-27,returned
2072,504,2024-06-22,completed
710,408,2023-02-17,returned
712,52,2023-04-29,returned
2334,56,2024-10-13,cancelled
15,267,2023-05-21,returned
2835,26,2025-06-22,returned
2567,189,2024-03-15,shipped
2486,34,2025-09-09,shipped
2701,418,2025-05-01,completed
2848,149,2023-08-10,pending
1066,136,2025-02-03,pending
1648,541,2024-11-12,completed
2029,350,2023-07-04,cancelled
1714,203,2023-12-20,pending
184,295,2024-05-06,completed
2356,321,2026-03-17,cancelled
1687,435,2024-01-28,cancelled
2357,267,2025-10-30,pending
89,229,2025-05-25,cancelled
866,463,2024-01-18,pending
1299,317,2026-02-11,shipped
2425,28,2023-03-19,returned
942,206,2023-12-23,pending
2372,149,2025-07-15,pending
2167,283,2023-04-04,completed
476,173,2024-07-14,returned
1857,141,2025-09-05,returned
1109,487,2023-03-31,pending
2771,392,2023-11-02,completed
1062,363,2023-03-14,cancelled
2596,96,2026-02-10,returned
1079,437,2025-04-22,completed
420,431,2025-05-28,returned
2086,393,2024-07-19,completed
551,341,2023-07-04,cancelled
1730,276,2025-07-14,completed
855,108,2025-01-11,returned
1720,359,2024-10-06,returned
1994,483,2025-12-07,pending
585,87,2025-01-07,completed
1082,262,2026-06-23,returned
34,509,2027-05-11,pending
877,107,2025-12-17,shipped
2009,303,2025-11-28,pending
555,298,2025-07-20,completed
6,23,2025-02-21,cancelled
2240,389,2023-09-29,shipped
2295,352,2026-03-22,cancelled
2742,62,2025-01-21,shipped
774,403,2026-02-11,pending
154,144,2025-03-29,pending
510,314,2024-01-11,shipped
1530,12,2023-10-09,cancelled
176,393,2024-11-06,pending
1088,179,2025-09-23,completed
1678,129,2024-10-29,cancelled
1228,331,2024-04-24,pending
2601,212,2024-06-23,shipped
2194,159,2023-11-29,cancelled
1372,78,2023-06-26,completed
839,356,2023-05-26,returned
2600,358,2024-01-23,cancelled
1325,63,2026-03-01,cancelled
1892,222,2023-05-05,returned
2854,351,2026-01-23,cancelled
2554,261,2023-07-12,shipped
430,463,2024-11-11,cancelled
144,108,2024-02-15,cancelled
314,148,2023-09-01,completed
1689,394,2026-06-05,pending
2798,496,2023-08-03,completed
2887,1,2023-01-10,cancelled
282,427,2026-06-26,completed
1051,99,2023-01-14,returned
1045,1,2025-05-07,completed
1548,241,2023-03-13,returned
